,id,seccion,edad,pf_ac1,pf_ac2,pf_ac3,pf_alg_2019,pf_alg_2020,alg_1b_2021,alg_2b_2021,alg_3b_2021,alg_4b_2021,pf_apm_2019,pf_apm_2020,am_1b_2021,am_2b_2021,am_3b_2021,am_4b_2021,pf_geo_2019,pf_geo_2020,geo_1b_2021,geo_2b_2021,geo_3b_2021,geo_4b_2021,grupo_mate,genero,anios_colegio,condicion_pago,pe1,pe2,horas_asincronas,valoracion_clases,dispos_clases,calidad_internet,Result
0,1,0,15,13,19,14,16,15,16,16,15,17,13,12,12,13,15,12,13,13,15,13,14,14,0,2,3,1,1,1,1,1,1,1,2
1,2,0,14,16,19,17,16,17,17,16,18,18,17,16,15,16,17,16,16,16,16,14,12,16,0,1,3,1,1,0,0,0,4,0,3
2,3,0,14,11,18,11,11,13,12,12,16,16,11,11,7,8,10,8,11,13,14,6,12,16,0,2,3,1,2,2,3,2,1,2,2
3,4,0,14,17,17,19,18,16,16,16,19,19,16,18,15,16,16,19,15,14,14,14,12,17,0,1,3,1,1,0,0,0,2,0,3
4,5,0,15,8,9,11,11,11,12,11,14,11,11,11,9,10,6,10,14,11,15,8,13,13,0,2,3,1,2,2,3,2,2,2,2
5,6,0,14,17,18,18,16,17,17,18,18,17,14,15,15,17,16,14,15,16,16,15,13,16,0,2,3,1,1,1,1,1,1,1,3
6,7,0,14,15,17,19,17,17,17,18,18,18,16,15,16,16,17,15,16,14,16,15,13,16,0,2,3,1,1,1,1,2,2,1,3
7,8,0,14,18,18,20,18,18,17,17,19,19,18,18,16,17,18,18,16,16,16,15,14,17,0,1,3,1,1,0,0,0,1,0,3
8,9,0,14,6,6,10,11,11,10,9,8,8,11,11,6,5,5,5,12,12,16,6,10,10,0,2,3,1,2,2,2,2,5,2,1
9,10,0,14,16,17,20,17,16,15,15,18,18,12,12,12,13,16,14,16,13,16,13,11,16,0,1,3,1,1,1,1,1,4,1,3
10,11,0,15,13,13,19,11,16,10,14,16,18,11,11,8,10,11,9,14,11,15,11,13,14,0,1,4,1,1,1,1,1,2,1,2
11,12,0,15,13,15,18,18,15,15,16,18,18,12,13,11,13,14,11,12,12,16,12,12,16,0,2,3,1,1,1,1,1,3,1,2
12,13,0,14,14,14,19,15,18,14,15,17,18,11,12,13,12,13,10,15,15,16,12,13,13,0,2,3,1,1,1,1,1,3,1,3
13,14,0,14,17,17,17,17,17,17,17,17,17,15,14,14,15,16,12,16,16,16,15,15,17,0,1,3,1,1,1,1,1,2,1,3
14,15,0,15,11,12,16,13,14,14,13,15,16,11,11,10,11,12,11,12,14,14,11,12,13,0,1,3,1,1,1,1,1,1,1,2
15,16,0,15,18,18,20,19,19,18,18,19,19,15,17,15,17,17,15,17,15,17,15,14,17,0,1,3,1,1,0,0,0,2,0,3
16,17,0,14,16,18,19,19,19,17,19,18,19,14,13,13,13,17,16,12,17,15,12,15,17,0,1,3,1,1,1,1,1,2,1,3
17,18,0,14,9,8,15,13,13,10,10,14,14,11,11,8,7,8,9,11,15,15,8,14,14,0,2,4,1,1,2,2,2,3,2,2
18,19,0,15,12,12,18,15,15,16,16,14,15,11,11,6,9,7,8,11,11,14,6,10,13,0,2,3,1,2,2,2,2,4,2,2
19,20,0,15,15,17,19,13,12,10,14,13,16,11,15,10,15,13,14,14,15,15,12,14,14,0,2,3,1,1,1,1,1,2,1,3
20,21,0,14,16,17,18,16,19,16,17,17,19,17,17,16,17,15,15,15,16,15,12,12,16,0,2,3,1,1,0,0,0,4,0,3
21,22,0,14,14,14,17,17,17,16,18,16,18,13,11,13,13,13,12,13,14,16,13,12,14,0,2,3,1,1,1,1,1,2,1,2
22,23,0,15,14,14,18,18,17,16,15,18,17,12,15,10,15,15,11,11,12,15,11,13,16,0,2,3,1,2,1,1,1,2,1,2
23,24,0,15,11,9,16,11,13,9,11,12,13,11,11,6,9,8,9,11,11,15,10,13,13,0,2,3,1,2,2,2,2,3,2,2
24,25,0,15,19,19,20,18,19,17,18,19,19,19,18,16,17,19,19,17,16,18,17,15,17,0,1,3,1,0,0,0,0,3,0,3
25,26,0,14,17,18,19,19,18,17,18,18,19,15,16,15,17,17,16,18,14,18,13,13,17,0,2,3,1,1,0,0,0,2,0,3
26,27,0,15,12,12,17,13,18,15,11,13,18,12,11,8,8,13,13,11,11,15,10,10,14,0,1,3,1,2,1,1,1,2,1,2
27,28,0,14,17,18,19,16,15,15,17,18,18,16,16,15,15,16,14,16,15,15,15,13,17,0,1,3,1,1,1,1,1,4,1,3
28,29,1,14,17,17,19,19,17,16,17,19,19,18,13,16,13,18,19,17,15,16,14,16,18,0,2,3,1,1,0,0,0,3,0,3
29,30,1,15,16,19,19,18,17,17,17,20,20,17,18,16,14,18,16,18,16,16,14,15,18,0,1,3,1,0,0,0,0,4,0,3
30,31,1,15,12,15,16,15,11,10,14,16,16,11,11,8,8,11,13,12,11,11,10,13,17,0,2,3,1,2,2,2,2,4,2,2
31,32,1,14,16,18,17,15,18,16,14,18,19,14,14,14,11,18,18,14,15,17,12,14,19,0,1,3,1,1,1,1,1,3,1,3
32,33,1,14,19,19,19,20,20,17,18,20,20,19,17,18,17,19,20,16,15,17,15,16,20,0,1,4,1,1,0,0,0,2,0,3
33,34,1,14,17,18,19,19,18,18,18,18,19,20,16,18,16,20,17,15,14,17,14,20,19,0,1,4,1,1,0,0,0,5,0,3
34,35,1,15,16,18,19,15,16,16,15,18,18,13,15,13,12,15,11,14,15,15,12,15,19,0,2,3,1,1,1,1,1,5,1,3
35,36,1,14,15,17,17,19,16,16,15,14,19,11,16,14,14,16,10,13,16,15,13,14,18,0,1,3,1,1,1,1,1,5,1,3
36,37,1,15,15,16,17,18,16,17,18,14,18,11,11,17,13,13,12,16,14,16,12,13,15,0,1,3,1,1,1,1,1,3,1,3
37,38,1,14,17,18,19,17,13,17,13,18,20,15,15,16,12,16,15,18,14,17,14,16,19,0,2,3,1,1,1,1,1,4,1,3
38,39,1,14,14,16,15,20,16,13,16,17,28,12,14,13,11,14,12,14,13,13,12,15,14,0,2,3,1,1,1,1,1,3,1,2
39,40,1,15,19,19,19,18,17,19,17,20,20,19,17,17,15,19,20,20,17,17,16,18,20,0,1,3,1,0,0,0,0,3,0,3
40,41,1,14,13,14,15,15,16,13,14,16,16,11,11,15,13,12,12,14,13,15,11,14,15,0,1,3,1,1,1,1,1,2,1,2
41,42,1,14,17,18,19,20,18,18,15,18,20,12,12,17,12,16,18,19,16,16,13,15,19,0,2,3,1,0,0,0,0,4,0,3
42,43,1,15,16,17,17,18,17,17,16,18,18,13,14,14,14,16,13,19,15,14,14,19,16,0,1,3,1,0,1,1,1,2,1,3
43,44,1,14,14,15,18,17,15,11,15,14,18,14,14,10,12,15,11,15,12,16,12,16,18,0,1,3,1,1,1,1,1,3,1,3
44,45,1,14,17,18,19,17,16,17,16,18,19,14,13,13,14,15,18,18,18,17,15,15,20,0,2,3,1,0,0,0,0,3,0,3
45,46,1,14,11,12,15,18,13,12,14,12,18,11,13,13,9,9,12,11,12,16,10,10,11,0,1,3,1,2,1,1,1,4,1,2
46,47,1,14,18,18,20,18,19,17,16,20,20,15,18,16,15,18,18,17,18,17,16,18,18,0,2,3,1,0,0,0,0,3,0,3
47,48,1,14,15,17,16,15,16,15,14,17,16,17,16,14,12,17,15,13,15,16,13,16,15,0,2,3,1,1,1,1,1,1,1,3
48,49,1,15,14,16,18,15,15,17,16,14,16,12,11,13,10,10,10,16,16,15,12,16,14,0,2,3,1,1,1,1,1,1,1,3
49,50,1,14,15,18,17,18,19,18,16,19,18,15,14,13,12,15,12,18,13,16,13,15,18,0,1,3,1,1,1,1,1,3,1,3
50,51,1,14,18,19,19,18,16,17,16,18,17,18,18,17,18,19,20,15,15,17,14,16,19,0,1,3,1,1,0,0,0,5,0,3
51,52,1,15,12,15,15,14,16,13,14,14,16,11,12,9,11,12,10,13,11,16,10,9,15,0,2,3,1,2,1,1,1,1,1,2
52,53,1,15,15,16,17,16,16,16,15,15,16,14,14,14,13,14,14,16,17,16,15,16,17,0,1,3,1,1,1,1,1,3,1,3
53,54,1,15,18,19,19,18,20,18,17,20,20,17,14,18,13,17,16,16,15,16,15,16,19,0,1,3,1,1,0,0,0,2,0,3
54,55,1,15,16,18,16,15,15,17,16,19,15,14,18,15,14,19,15,15,16,16,15,15,18,0,1,3,1,1,1,1,1,4,1,3
55,56,1,14,16,18,19,17,16,17,16,16,17,13,15,13,12,14,15,19,19,17,14,15,19,0,1,3,1,0,0,0,0,1,0,3
56,57,1,14,14,17,16,14,16,17,13,14,18,14,15,16,13,13,14,14,12,17,13,12,18,0,2,3,1,1,1,1,1,4,1,3
57,58,1,15,6,9,9,11,11,11,11,5,5,11,11,7,7,5,5,11,11,5,5,8,5,0,1,3,1,2,2,2,2,3,2,1
58,59,1,14,14,15,16,18,18,13,14,18,18,16,18,11,9,14,20,17,19,15,11,15,19,0,2,3,1,0,0,0,0,1,0,3
59,60,2,15,16,16,19,18,16,16,17,17,18,12,12,12,12,13,11,11,13,13,12,11,15,0,1,3,1,2,1,1,1,5,1,2
60,61,2,15,16,16,20,16,15,15,16,16,16,13,13,13,11,12,11,11,11,12,12,9,14,0,1,4,1,2,1,1,1,3,1,2
61,62,2,15,8,9,18,11,11,11,9,11,10,11,11,10,7,9,6,11,9,12,8,8,11,0,2,3,1,2,2,2,2,3,2,2
62,63,2,15,8,10,18,11,11,11,9,11,11,11,11,6,6,8,9,11,11,12,7,8,9,0,2,3,1,2,2,2,2,4,2,2
63,64,2,15,14,14,18,17,17,16,14,17,15,11,11,12,12,12,9,13,14,13,13,12,14,0,1,3,1,1,1,1,1,1,1,2
64,65,2,14,14,14,18,15,16,13,16,15,15,12,11,10,12,9,10,11,11,12,11,8,15,0,1,3,1,2,1,1,1,4,1,2
65,66,2,14,10,12,17,11,11,12,9,14,15,11,11,11,10,11,11,12,11,12,11,8,13,0,1,3,1,2,2,2,2,3,2,2
66,67,2,14,13,14,18,14,16,15,13,16,17,11,11,10,11,11,11,15,11,12,11,10,15,0,2,3,1,1,1,1,1,2,1,2
67,68,2,15,9,13,17,11,11,10,9,11,10,11,11,8,11,10,9,11,11,12,7,12,13,0,2,3,1,2,2,2,2,4,2,2
68,69,2,14,12,13,19,15,15,16,14,13,13,11,11,10,10,6,5,12,11,15,9,8,11,0,2,3,1,2,2,2,2,2,2,2
69,70,2,14,9,11,18,11,11,13,10,13,13,13,13,7,6,11,13,13,11,12,7,8,13,0,2,3,1,2,2,2,2,4,2,2
70,71,2,14,11,11,16,17,18,11,13,18,13,12,12,7,10,10,12,12,11,12,8,9,13,0,2,3,1,2,1,1,1,3,1,2
71,72,2,14,14,15,20,15,14,15,14,15,17,11,14,14,13,13,11,14,11,12,13,11,16,0,2,3,1,1,1,1,1,1,1,2
72,73,2,15,13,15,16,14,16,16,18,13,15,12,16,13,15,10,16,14,11,14,12,9,16,0,1,3,1,1,1,1,1,4,1,2
73,74,2,15,16,17,19,17,16,17,16,18,18,15,14,11,15,13,14,15,15,16,13,14,16,0,2,3,1,1,1,1,1,2,1,3
74,75,2,14,15,15,20,14,14,14,16,17,17,13,14,11,12,14,11,14,13,12,13,14,13,0,1,3,1,1,1,1,1,5,1,2
75,76,2,14,14,14,19,16,14,14,15,16,15,11,12,11,12,12,12,11,11,14,10,10,16,0,1,3,1,2,1,1,1,2,1,2
76,77,2,14,12,11,18,12,11,12,12,11,12,11,11,9,9,6,7,14,11,14,9,8,11,0,1,3,1,2,2,2,2,3,3,2
77,78,2,15,13,13,20,14,14,16,16,16,14,11,11,10,14,11,10,14,16,15,15,11,16,0,1,4,1,1,1,1,1,1,1,3
78,79,2,15,16,17,20,17,17,17,17,17,19,12,12,14,14,14,12,15,13,14,13,12,16,0,2,3,1,1,1,1,1,3,1,2
79,80,2,15,13,13,18,12,16,12,16,16,17,11,11,8,12,11,7,15,12,14,11,11,16,0,1,3,1,1,1,1,1,3,0,2
80,81,2,14,11,12,18,11,13,10,11,13,13,11,11,10,6,7,7,13,13,13,8,8,11,0,1,3,1,2,2,2,2,2,2,2
81,82,2,15,13,16,19,18,15,15,15,15,19,12,12,10,11,12,14,12,16,14,12,12,16,0,2,3,1,1,1,1,1,4,1,2
82,83,2,14,9,9,19,12,11,10,11,12,11,11,11,8,8,9,8,8,11,14,7,12,11,0,2,3,1,2,2,2,2,3,3,2
83,84,2,14,16,16,20,18,17,17,17,19,19,11,15,16,15,14,11,12,16,17,14,12,16,0,2,3,1,1,1,1,1,4,1,3
84,85,2,15,11,11,15,11,11,10,11,13,14,11,11,6,11,9,10,13,13,14,9,8,11,0,2,3,1,2,2,3,2,2,2,2
85,86,2,15,14,14,16,14,15,14,15,15,14,11,11,10,11,12,11,12,15,14,11,11,15,0,2,4,1,1,1,1,1,4,1,2
86,87,2,14,11,12,17,11,11,11,11,12,11,11,11,11,10,9,7,12,12,14,10,8,11,0,2,3,1,2,2,2,2,1,2,2
87,88,2,15,12,13,18,14,16,12,13,16,16,11,14,12,14,13,8,11,12,12,11,11,15,0,2,4,1,2,1,1,1,1,1,2
88,89,2,15,9,8,19,11,11,11,12,12,11,11,11,7,6,6,7,13,11,13,10,8,12,0,2,3,1,2,2,2,2,3,2,2
89,90,2,14,14,15,17,17,12,12,16,15,17,12,13,14,12,11,12,13,15,14,13,14,15,0,2,3,1,1,1,1,1,3,1,3
90,91,3,14,15,16,19,18,17,16,17,17,18,14,15,14,16,14,15,16,17,16,16,16,17,0,1,3,1,1,0,0,0,2,0,3
91,92,3,15,11,11,19,13,11,11,11,15,15,11,11,10,10,9,10,12,13,15,12,11,17,0,2,3,1,1,2,2,2,3,2,2
92,93,3,14,18,18,19,15,17,14,18,19,19,16,16,17,18,17,15,16,15,15,16,17,16,0,2,3,1,1,0,0,0,1,0,3
93,94,3,14,17,18,19,18,17,15,16,18,18,16,14,17,17,14,16,15,15,15,15,14,17,0,1,3,1,1,1,1,1,4,1,3
94,95,3,14,15,16,19,17,15,15,15,17,16,11,14,14,13,12,10,13,13,15,15,13,16,0,1,3,1,1,1,1,1,3,1,3
95,96,3,15,16,16,19,15,17,16,15,16,17,16,15,16,15,12,12,16,15,16,15,15,17,0,1,3,1,1,1,1,1,1,1,3
96,97,3,15,15,16,19,16,15,16,14,15,15,15,15,14,14,12,16,16,17,15,14,16,17,0,1,4,1,1,1,1,1,1,1,3
97,98,3,14,16,18,19,15,15,15,17,17,18,14,13,13,15,16,18,17,15,16,15,15,17,0,2,3,1,1,1,1,1,3,1,3
98,99,3,14,10,12,19,11,12,11,12,11,11,11,11,11,11,9,10,14,15,15,14,12,14,0,2,3,1,1,1,1,1,4,0,2
99,100,3,14,15,14,19,16,16,12,16,18,18,15,16,13,14,15,16,15,16,12,15,14,16,0,2,3,1,1,1,1,2,3,1,3
100,101,3,15,10,12,19,11,11,10,11,13,14,11,11,8,11,10,10,14,14,15,15,11,12,0,2,3,1,1,2,2,2,1,2,2
101,102,3,15,15,15,19,14,15,15,14,17,15,13,15,15,14,13,12,16,17,16,16,13,17,0,1,3,1,1,1,1,1,1,1,3
102,103,3,15,10,12,19,14,12,12,12,14,13,11,11,10,9,9,9,12,13,14,12,12,16,0,1,3,1,1,1,1,1,5,1,2
103,104,3,15,17,19,19,17,18,17,17,17,19,16,16,16,16,16,16,16,17,16,17,14,17,0,2,3,1,1,0,0,0,1,0,3
104,105,3,14,17,17,19,18,18,18,19,19,19,16,19,18,16,19,20,15,16,15,15,16,17,0,0,3,1,1,0,0,0,4,0,3
105,106,3,15,10,11,19,11,12,10,12,12,11,11,11,12,13,8,10,13,13,13,12,12,12,0,2,3,1,1,2,2,2,5,2,2
106,107,3,14,14,15,19,13,13,12,16,17,16,14,14,13,12,13,15,13,13,13,15,16,14,0,1,3,1,1,1,1,1,3,1,3
107,108,3,14,14,16,19,17,16,16,17,18,16,15,15,15,15,15,15,13,15,13,14,15,13,0,1,3,1,1,1,1,1,2,1,3
108,109,3,14,17,17,19,16,17,16,17,18,18,13,12,17,15,15,12,15,18,16,15,16,18,0,1,3,1,1,1,1,1,2,1,3
109,110,3,14,17,17,19,16,16,17,16,19,19,11,14,13,15,11,9,15,15,16,15,15,16,0,2,3,1,1,1,1,1,3,1,3
110,111,3,14,18,18,19,17,18,17,18,18,19,17,17,17,15,14,14,18,17,17,16,16,18,0,2,3,1,0,0,0,0,2,0,3
111,112,3,14,16,17,19,15,15,14,16,15,17,15,16,14,13,15,18,17,17,15,15,13,17,0,1,3,1,1,1,1,1,3,1,3
112,113,3,14,11,13,19,17,15,12,13,13,17,11,12,13,10,12,13,16,15,15,15,14,16,0,2,3,1,1,1,1,1,3,1,3
113,114,3,15,14,15,19,18,13,13,14,17,18,13,13,15,15,13,10,17,17,16,15,14,17,0,1,4,1,0,1,1,1,1,1,3
114,115,3,14,14,15,19,17,17,15,17,16,14,13,12,12,14,12,12,14,15,15,15,13,14,0,2,3,1,1,1,1,1,3,1,3
115,116,3,14,16,17,19,15,18,15,17,18,18,13,13,15,15,14,13,16,15,16,16,15,17,0,1,3,1,1,1,1,1,5,1,3
116,117,3,15,12,15,19,17,13,12,12,17,17,11,11,11,10,11,10,13,13,13,13,15,14,0,2,3,1,1,1,1,1,4,1,2
117,118,3,15,8,14,19,15,13,12,14,16,15,11,11,10,11,10,10,16,15,16,13,14,16,0,1,3,1,1,1,1,1,3,1,3
118,119,3,15,15,16,19,18,17,17,17,18,19,15,17,15,15,16,18,16,16,13,14,13,16,0,2,3,1,1,0,0,0,1,0,3
119,120,3,15,14,14,19,17,15,13,14,17,16,13,14,15,14,13,12,14,14,15,14,14,14,0,1,3,1,1,1,1,1,1,1,3
120,121,3,15,16,16,19,18,14,13,16,18,18,16,12,17,15,13,9,15,17,16,15,15,17,0,1,3,1,1,1,1,1,4,1,3
121,122,3,15,19,19,19,15,16,13,18,20,19,19,20,18,17,20,20,16,16,17,18,17,29,0,2,3,1,0,0,0,0,2,0,3
122,123,4,14,12,13,16,16,14,16,10,16,15,12,11,10,9,12,7,14,12,14,13,11,12,0,2,3,1,1,1,1,1,4,1,2
123,124,4,15,15,15,20,15,16,15,14,17,14,11,11,13,13,13,9,16,15,15,16,15,15,0,1,3,1,1,1,1,1,1,1,3
124,125,4,15,12,14,17,15,16,16,13,14,15,12,11,12,11,11,11,11,14,14,9,12,13,0,2,3,1,2,1,1,1,1,1,2
125,126,4,14,15,17,18,16,16,16,16,16,16,11,14,14,15,12,9,13,14,15,14,13,11,0,1,3,1,1,1,1,1,5,1,2
126,127,4,14,16,18,20,19,17,16,16,18,20,16,16,15,14,15,18,14,15,15,15,15,14,0,2,3,1,1,0,0,0,4,0,3
127,128,4,15,14,15,17,15,12,11,14,16,16,12,13,13,11,14,15,12,11,13,10,14,11,0,2,3,1,2,1,1,1,3,1,2
128,129,4,14,11,13,15,11,11,10,12,12,11,11,11,8,13,12,8,11,13,14,12,11,10,0,2,3,1,2,2,2,3,3,2,2
129,130,4,15,13,13,15,11,12,11,12,13,13,11,12,13,8,11,7,11,11,14,10,11,9,0,2,3,1,2,2,2,2,2,2,2
130,131,4,15,15,15,17,18,18,17,14,18,14,14,12,13,13,14,12,14,13,15,16,14,11,0,2,3,1,1,1,1,1,3,1,2
131,132,4,15,15,15,16,16,16,17,15,15,13,11,12,12,12,12,11,13,13,14,14,12,11,0,2,3,1,1,1,1,1,1,1,2
132,133,4,14,14,14,15,15,15,17,14,16,16,11,11,13,13,12,10,16,13,14,14,13,16,0,2,3,1,1,1,1,1,1,1,3
133,134,4,14,14,17,18,15,14,16,13,14,14,11,13,16,12,10,10,13,13,13,12,13,11,0,2,3,1,1,1,1,1,1,1,2
134,135,4,14,12,15,16,15,14,15,14,14,16,13,11,13,10,9,7,14,13,15,10,13,10,0,2,3,1,1,1,1,1,3,1,2
135,136,4,14,14,15,17,16,16,17,14,14,17,13,11,8,15,13,7,13,13,13,11,13,11,0,2,3,1,1,1,1,1,3,1,2
136,137,4,15,13,13,13,15,16,15,16,17,12,13,12,13,13,13,12,14,14,15,12,12,13,0,1,3,1,1,1,1,2,3,1,2
137,138,4,14,15,17,19,16,18,18,15,14,16,11,11,14,12,11,8,15,15,16,14,12,11,0,2,3,1,1,1,1,1,1,1,2
138,139,4,15,13,16,17,15,13,16,13,14,15,13,13,13,9,11,9,11,11,13,10,14,13,0,2,3,1,2,1,1,1,1,1,2
139,140,4,14,11,13,17,11,11,12,12,12,10,11,11,11,11,8,10,14,11,14,13,11,9,0,1,3,1,2,2,2,2,4,2,2
140,141,4,14,12,14,15,11,14,11,12,15,12,11,11,9,11,11,11,14,12,15,13,12,12,0,1,3,1,1,1,1,1,1,1,2
141,142,4,14,11,11,14,11,11,12,9,14,14,11,11,11,8,12,7,13,13,15,11,14,10,0,2,3,1,1,2,2,2,4,2,2
142,143,4,15,12,13,15,14,14,13,10,14,16,11,11,11,10,9,12,11,11,15,10,16,15,0,2,3,1,2,1,1,1,1,1,2
143,144,4,15,12,13,17,14,11,13,14,10,12,13,12,13,10,10,7,12,15,15,11,14,11,0,1,3,1,1,1,1,1,3,1,2
144,145,4,14,13,14,17,16,17,15,17,17,14,12,12,12,12,12,12,13,13,15,13,13,12,0,1,3,1,1,1,1,1,3,1,2
145,146,4,14,12,14,14,14,16,16,17,14,16,13,13,11,10,10,13,16,18,15,13,18,14,0,2,3,1,1,1,1,1,3,1,3
146,147,4,14,15,15,17,13,12,17,12,16,16,11,11,14,11,13,11,14,15,15,15,14,11,0,1,3,1,1,1,1,1,1,1,3
147,148,4,15,12,15,16,18,14,18,14,13,14,11,11,14,14,10,9,13,14,14,11,12,12,0,2,3,1,1,1,1,1,3,1,2
148,149,4,14,11,10,14,11,13,11,11,12,13,11,11,8,7,8,12,14,12,14,9,9,8,0,1,3,1,2,2,2,2,2,2,2
149,150,4,15,12,14,15,13,14,12,14,12,13,14,11,10,15,10,9,11,11,15,10,13,10,0,2,3,1,2,1,3,1,1,1,2
150,151,4,14,12,11,12,12,15,16,12,14,14,11,11,12,8,8,8,13,13,14,11,13,12,0,2,3,1,1,1,1,1,1,1,2
151,152,4,15,16,17,20,19,16,17,16,17,19,12,11,10,13,14,12,14,15,15,14,15,14,0,1,3,1,1,1,1,1,2,1,3
152,153,4,14,13,12,13,17,14,17,14,14,14,11,11,12,12,9,11,11,13,14,13,10,11,0,2,3,1,2,1,1,1,2,1,2
153,154,5,14,9,14,11,11,11,10,8,9,10,11,11,11,8,10,9,13,12,13,10,11,11,0,2,3,1,2,2,3,2,2,2,2
154,155,5,14,10,11,12,11,12,10,14,8,14,11,11,8,11,10,11,11,11,13,7,11,10,0,2,3,1,2,2,2,2,4,2,2
155,156,5,15,10,14,14,11,11,10,11,12,11,11,11,8,8,10,7,11,12,13,10,13,13,0,2,3,1,2,2,2,2,1,2,2
156,157,5,15,15,17,17,15,16,15,14,17,15,12,12,12,13,13,8,14,14,15,12,11,13,0,1,3,1,1,1,1,1,4,1,2
157,158,5,14,13,17,16,16,15,14,13,16,14,11,11,13,10,13,10,13,12,13,13,11,11,0,2,3,1,2,1,1,1,4,1,2
158,159,5,15,14,16,16,17,15,16,15,17,17,13,13,15,13,14,11,13,14,13,13,13,15,0,2,3,1,1,1,1,1,1,1,2
159,160,5,15,17,18,19,16,18,16,16,19,19,16,19,15,17,19,14,13,14,16,13,16,16,0,1,3,1,1,0,0,0,2,0,3
160,161,5,15,13,16,14,14,12,10,12,16,17,11,11,7,10,10,11,12,11,13,7,11,14,0,2,3,1,2,2,2,2,1,2,2
161,162,5,15,12,16,16,14,12,11,12,13,14,11,11,14,15,13,10,15,13,15,14,14,12,0,2,3,1,1,1,1,1,2,1,2
162,163,5,15,14,12,14,15,13,11,16,15,11,11,14,13,14,12,9,14,15,16,12,12,13,0,2,3,1,1,1,1,1,4,1,2
163,164,5,14,18,18,19,18,18,18,17,18,18,16,17,17,17,16,14,16,15,16,14,16,16,0,2,3,1,1,0,0,0,3,0,3
164,165,5,15,9,13,13,15,13,11,11,17,12,11,11,13,8,11,11,11,11,14,8,11,8,0,1,3,1,2,2,2,2,3,2,2
165,166,5,15,17,19,18,20,20,18,18,20,19,17,18,14,17,18,16,14,15,17,13,15,16,0,1,3,1,1,0,0,0,1,0,3
166,167,5,14,11,15,15,12,14,16,16,13,10,12,13,13,11,10,10,14,11,15,11,12,12,0,2,3,1,1,1,1,1,3,1,2
167,168,5,15,16,18,18,14,14,15,14,15,14,12,11,12,12,12,10,13,15,16,13,12,17,0,1,3,1,1,1,1,1,3,1,3
168,169,5,14,11,17,15,15,16,15,14,17,14,11,11,15,15,11,9,11,13,15,12,11,8,0,1,3,1,2,1,1,1,4,1,2
169,170,5,14,15,17,17,17,15,15,16,17,17,13,12,13,13,12,11,14,13,15,13,12,14,0,2,3,1,1,1,1,1,2,1,2
170,171,5,14,15,17,18,14,16,16,15,16,14,14,13,14,15,15,13,13,13,15,14,13,15,0,1,3,1,1,1,1,1,3,1,3
171,172,5,14,16,17,17,17,16,16,16,17,17,11,12,14,14,11,11,14,13,14,14,12,13,0,1,3,1,1,1,1,1,3,1,2
172,173,5,14,18,19,19,17,18,17,18,19,19,17,15,16,17,17,15,15,16,17,14,14,20,0,1,3,1,1,0,0,0,4,0,3
173,174,5,15,12,16,15,13,16,15,17,16,10,12,11,10,10,13,12,14,15,15,13,13,13,0,2,3,1,1,1,1,1,2,1,2
174,175,5,15,8,12,11,13,16,10,10,16,13,12,11,11,9,12,9,11,11,13,9,8,5,0,2,3,1,2,2,2,2,3,2,2
175,176,5,14,15,17,17,15,16,15,14,16,15,13,13,15,14,13,8,15,14,16,13,13,14,0,2,3,1,1,1,1,1,2,1,3
176,177,5,15,12,11,15,15,15,15,15,15,15,12,13,13,12,9,9,11,12,13,13,13,11,0,2,3,1,2,1,1,1,4,1,2
177,178,5,15,17,18,18,16,18,17,16,18,18,15,14,14,15,15,14,14,13,16,13,13,15,0,1,3,1,1,1,1,1,4,1,3
178,179,5,15,13,16,16,13,14,15,14,13,14,14,13,14,11,12,12,12,12,15,11,11,13,0,2,3,1,2,1,1,1,1,1,2
179,180,5,15,16,18,17,16,18,17,16,18,17,12,11,13,13,13,9,15,13,15,12,13,15,0,2,3,1,1,1,1,1,4,1,2
180,181,5,14,14,18,17,17,17,16,15,18,19,11,11,13,12,11,8,11,15,16,13,12,11,0,1,3,1,1,1,1,1,4,1,2
181,182,5,15,13,18,15,15,15,15,15,18,18,11,13,14,11,10,11,13,15,14,10,12,16,0,1,3,1,1,1,1,1,3,1,2
182,183,6,14,10,15,16,13,13,13,13,15,15,11,12,7,12,13,7,13,14,14,12,13,12,0,1,3,1,1,1,1,1,2,1,2
183,184,6,14,14,16,17,13,15,12,15,16,15,12,11,10,14,14,14,15,14,12,13,12,15,0,1,3,1,1,1,1,1,4,1,2
184,185,6,15,12,15,16,17,15,17,14,14,12,11,13,15,13,11,12,11,11,12,10,12,14,0,2,3,1,2,1,1,1,2,1,2
185,186,6,14,18,19,19,16,16,16,18,18,19,17,17,17,17,18,18,15,14,14,15,15,17,0,1,3,1,1,0,0,0,4,0,3
186,187,6,14,17,17,19,15,16,15,18,17,18,16,17,15,14,16,17,14,15,14,15,14,16,0,1,3,1,1,1,1,1,3,1,3
187,188,6,15,10,13,14,15,13,13,12,14,15,11,11,9,11,11,9,12,12,13,9,11,12,0,2,3,1,2,1,1,1,1,1,2
188,189,6,15,11,15,17,15,15,14,11,15,14,11,11,10,12,11,7,12,14,13,12,15,12,0,1,3,1,1,1,1,1,2,1,2
189,190,6,14,15,17,17,15,15,15,15,15,15,12,14,13,12,14,12,14,12,13,14,11,17,0,1,3,1,1,1,1,1,2,1,2
190,191,6,15,14,16,17,14,14,15,14,15,17,11,11,12,11,14,9,14,14,12,12,12,15,0,1,3,1,1,1,1,1,1,1,2
191,192,6,14,15,17,18,14,15,15,15,14,15,15,13,13,13,14,15,13,14,12,14,14,16,0,1,3,1,1,1,1,1,1,1,2
192,193,6,15,16,18,19,15,18,16,15,17,18,14,15,16,13,14,12,16,13,15,13,15,16,0,1,3,1,1,1,1,1,1,1,3
193,194,6,14,9,11,10,14,13,13,13,15,15,11,11,8,10,13,11,11,11,12,6,14,11,0,2,3,1,2,2,2,2,4,2,2
194,195,6,15,10,13,16,14,16,14,14,17,15,12,12,10,8,14,13,14,11,15,10,11,15,0,1,3,1,1,1,1,1,1,1,2
195,196,6,14,13,16,18,13,13,12,13,15,15,11,13,10,13,13,11,15,12,12,14,13,16,0,1,3,1,1,1,1,1,4,1,2
196,197,6,14,13,17,18,14,17,13,17,16,18,13,11,12,11,14,13,12,14,12,13,12,14,0,2,3,1,1,1,1,1,4,1,2
197,198,6,15,9,12,14,12,14,11,13,14,15,11,11,6,8,8,7,11,11,11,6,7,11,0,1,3,1,2,2,2,2,4,2,2
198,199,6,15,15,16,18,15,17,17,14,16,17,11,12,10,13,15,15,15,15,14,14,12,15,0,1,3,1,1,1,1,1,1,1,3
199,200,6,14,17,18,18,16,18,15,17,17,18,17,16,18,14,16,16,16,15,15,15,16,16,0,1,3,1,1,0,0,0,3,0,3
200,201,6,15,12,14,16,13,13,14,12,14,15,11,12,12,11,15,10,12,12,12,10,14,12,0,1,3,1,2,1,1,1,1,1,2
201,202,6,14,16,18,18,16,16,15,15,16,15,14,14,15,13,14,11,14,15,14,13,14,15,0,1,3,1,1,1,1,1,3,1,3
202,203,6,14,12,13,16,12,11,13,11,13,13,12,11,10,8,14,10,11,11,11,7,11,12,0,1,3,1,2,2,2,2,1,2,2
203,204,6,14,12,15,16,13,14,14,14,14,13,12,11,12,10,11,10,13,12,15,12,14,12,0,2,3,1,1,1,1,1,1,1,2
204,205,6,15,12,16,18,17,17,16,15,15,17,13,13,13,12,13,14,13,13,13,15,12,16,0,2,3,1,1,1,1,1,3,1,2
205,206,6,14,11,14,15,14,17,12,13,15,17,11,11,7,8,10,11,11,12,12,11,10,12,0,2,3,1,2,1,1,1,4,1,2
206,207,6,15,13,15,18,15,15,13,15,13,15,13,11,11,11,14,12,12,12,13,12,14,15,0,1,3,1,1,1,1,1,2,1,2
207,208,6,14,11,14,14,15,15,14,13,16,13,11,11,9,8,12,10,11,11,11,11,9,12,0,2,3,1,2,1,1,1,3,1,2
208,209,6,14,18,19,19,18,19,17,19,19,19,16,17,17,15,18,18,17,16,15,16,15,17,0,1,3,1,1,0,0,0,2,0,3
209,210,6,15,15,16,16,14,17,14,17,17,18,15,16,11,12,16,12,14,15,12,12,13,16,0,2,3,1,1,1,1,1,4,1,2
210,211,6,15,12,14,15,11,16,12,11,15,16,11,11,8,10,11,12,12,11,11,10,12,14,0,2,3,1,2,2,2,2,1,2,2
211,212,7,15,13,15,16,18,18,17,16,18,17,12,11,14,11,13,12,13,12,15,12,7,15,0,1,3,1,2,1,1,1,4,1,2
212,213,7,15,15,18,18,18,16,16,16,18,19,13,13,16,15,15,13,14,14,15,13,14,15,0,2,3,1,1,1,1,1,1,1,3
213,214,7,15,16,17,19,18,17,16,15,18,19,15,17,13,15,17,12,16,15,16,14,14,15,0,2,3,1,1,1,1,1,3,1,3
214,215,7,14,15,16,18,18,17,14,16,17,18,15,12,14,15,15,12,14,13,15,13,13,15,0,2,3,1,1,1,1,1,4,1,2
215,216,7,15,17,18,20,17,17,17,17,18,17,14,16,15,15,16,12,13,13,16,14,11,16,0,2,3,1,1,1,1,1,4,1,3
216,217,7,15,13,16,19,16,17,15,16,18,19,15,15,14,15,16,14,12,15,16,12,14,15,0,1,3,1,1,1,1,1,2,1,3
217,218,7,15,17,18,20,16,15,12,15,19,18,15,14,15,16,14,11,17,13,16,14,11,17,0,1,3,1,1,1,1,1,3,1,3
218,219,7,14,16,18,19,17,17,18,16,18,19,16,15,15,15,16,16,14,16,16,13,15,15,0,1,3,1,1,1,1,1,3,1,3
219,220,7,15,16,17,19,15,18,14,14,18,18,13,13,12,13,13,13,15,15,16,13,13,15,0,1,3,1,1,1,1,1,2,1,3
220,221,7,14,15,17,19,17,14,15,13,18,18,15,16,15,16,16,18,12,13,16,13,12,12,0,1,3,1,1,1,1,1,4,1,3
221,222,7,14,16,18,19,14,19,14,16,19,18,16,16,16,16,17,17,14,14,16,14,14,17,0,1,3,1,1,1,1,1,3,1,3
222,223,7,15,17,18,20,18,18,17,17,19,18,11,12,13,13,13,9,14,16,16,12,16,15,0,2,3,1,1,1,1,1,4,1,3
223,224,7,14,18,19,20,19,18,17,18,19,20,18,19,17,17,19,20,16,19,16,13,15,19,0,1,3,1,0,0,0,0,3,0,3
224,225,7,14,13,13,20,15,18,17,14,17,18,11,11,10,9,13,10,16,11,16,13,10,10,0,2,3,1,1,1,1,1,3,1,2
225,226,7,15,17,18,20,17,17,17,17,18,19,15,15,15,15,16,20,16,18,17,14,14,19,0,2,3,1,0,0,0,0,4,1,3
226,227,7,14,16,19,18,18,16,16,15,19,19,15,17,15,15,18,15,16,13,16,13,15,17,0,2,3,1,1,1,1,1,2,1,3
227,228,7,15,16,17,19,16,17,17,16,20,20,13,11,11,12,13,13,14,15,16,12,11,17,0,1,3,1,1,1,1,1,3,1,3
228,229,7,14,16,17,20,16,20,15,17,20,19,11,12,11,15,18,18,12,15,12,13,12,15,0,2,3,1,1,1,1,1,3,1,3
229,230,7,14,9,9,15,11,11,10,8,10,5,11,11,9,6,7,5,11,11,15,5,6,8,0,2,3,1,2,2,2,2,4,2,1
230,231,7,14,16,18,19,16,16,15,15,17,17,11,14,14,16,15,11,16,16,16,14,13,15,0,2,3,1,1,1,1,1,3,1,3
231,232,7,15,16,18,17,18,20,16,16,17,20,16,14,13,16,14,16,16,15,16,14,14,15,0,2,3,1,1,0,0,0,1,0,3
232,233,7,14,14,14,18,19,12,11,15,19,19,13,14,14,12,13,13,13,17,16,12,16,17,0,1,3,1,1,1,1,1,2,1,3
233,234,7,14,16,17,18,18,15,16,15,18,18,13,11,11,13,15,12,17,17,16,13,17,16,0,2,4,1,0,1,1,1,1,1,3
234,235,7,15,14,16,19,17,15,15,16,17,17,14,14,11,12,17,15,12,16,16,12,14,15,0,2,3,1,1,1,1,1,3,1,3
235,236,7,14,14,16,19,17,19,12,14,17,19,13,12,13,13,14,12,11,15,16,12,11,14,0,2,3,1,1,1,1,1,4,1,2
236,237,7,15,17,19,20,19,19,18,18,20,20,14,12,16,16,15,12,13,16,16,13,15,12,0,1,3,1,1,1,1,1,4,1,3
237,238,7,15,14,14,19,14,15,14,16,17,17,11,11,10,12,11,11,13,14,16,12,13,12,0,2,3,1,1,1,1,1,4,1,2
238,239,7,15,15,18,20,17,16,16,17,18,17,13,16,16,14,15,12,13,13,15,14,14,11,0,2,3,1,1,1,1,1,4,1,3
239,240,8,14,19,20,20,20,20,20,20,20,20,18,18,19,18,20,20,19,19,17,17,20,20,1,2,3,0,0,0,0,0,3,0,3
240,241,8,14,19,20,20,20,20,20,20,20,20,20,20,20,20,20,20,19,19,18,19,20,20,1,1,4,0,0,0,0,0,3,0,3
241,242,8,15,19,20,20,20,20,20,20,20,20,20,19,19,20,20,20,19,19,19,19,20,20,1,1,3,0,0,0,0,0,2,0,3
242,243,8,15,18,20,19,19,19,20,19,20,20,20,19,19,19,18,20,19,18,14,18,16,19,1,2,4,0,0,0,0,0,2,0,3
243,244,8,15,14,15,19,20,20,19,19,17,20,19,19,18,19,18,20,17,20,15,18,16,20,1,2,4,0,0,0,0,0,2,0,3
244,245,8,15,17,20,19,19,19,20,19,20,20,19,20,19,19,19,20,17,16,16,16,16,18,1,2,3,0,0,0,0,0,2,0,3
245,246,9,15,12,17,20,19,19,17,20,19,20,11,11,12,12,10,10,12,13,12,15,13,11,1,2,3,0,1,1,1,1,4,1,2
246,247,9,14,16,20,20,20,19,19,19,20,20,13,16,14,14,16,13,18,19,16,16,19,19,1,2,3,0,0,0,0,0,4,0,3
247,248,9,14,16,19,20,19,20,18,19,20,20,15,15,16,15,15,15,16,14,14,18,18,14,1,2,4,0,1,0,0,0,2,0,3
248,249,9,15,17,19,20,20,18,19,18,20,20,17,16,15,17,17,16,19,19,15,18,19,19,1,1,3,0,0,0,0,0,4,0,3
249,250,9,15,16,19,20,19,18,20,18,19,20,19,16,18,18,19,16,17,15,15,15,17,15,1,2,3,0,1,0,1,0,4,0,3
250,251,9,15,17,20,20,20,19,19,19,20,20,17,19,18,18,20,17,16,17,16,17,20,16,1,1,3,0,0,0,0,0,1,0,3
251,252,9,15,17,20,20,19,19,19,19,20,20,20,20,18,20,20,20,19,19,16,17,19,19,1,2,3,0,0,0,0,0,4,0,3
252,253,9,14,14,19,20,19,17,18,17,20,20,14,13,15,13,13,13,15,15,13,16,15,17,1,2,4,0,1,1,1,1,2,1,3
253,254,9,14,16,19,20,18,20,19,18,20,20,17,16,17,17,18,16,15,15,15,17,18,16,1,2,3,0,1,0,0,0,1,0,3
254,255,9,15,17,20,20,19,19,18,20,20,20,16,16,16,18,17,18,11,11,17,17,11,16,1,1,4,0,2,1,1,1,2,1,3
255,256,9,14,17,20,20,20,20,19,19,20,20,16,15,15,16,18,18,19,16,15,18,20,20,1,2,4,0,0,0,1,0,4,0,3
256,257,9,14,16,20,20,20,20,18,18,20,20,18,17,16,17,19,18,14,17,14,17,17,17,1,2,4,0,1,0,0,0,4,0,3
257,258,9,14,17,19,20,19,19,19,19,20,20,15,17,17,16,17,13,15,18,15,18,19,19,1,2,3,0,0,0,0,0,2,0,3
258,259,9,14,18,20,20,18,18,18,18,20,20,16,13,18,19,10,19,20,17,16,18,20,20,1,1,3,0,0,0,2,0,1,0,3
259,260,9,14,18,20,20,19,20,20,19,20,20,20,17,16,15,20,20,17,17,15,18,20,20,1,1,3,0,0,0,0,0,4,0,3
260,261,9,14,17,20,20,20,20,20,19,20,20,18,17,16,19,20,19,18,20,16,18,20,20,1,1,4,0,0,0,0,0,2,0,3
261,262,9,14,16,20,20,20,20,20,19,20,20,17,17,17,19,17,17,14,16,15,17,14,16,1,2,4,0,1,0,0,0,3,0,3
262,263,9,14,17,20,20,20,20,20,20,20,20,18,18,18,18,19,18,18,18,17,18,19,18,1,2,3,0,0,0,1,0,1,0,3
263,264,9,15,16,18,20,19,19,19,19,19,20,15,17,17,13,15,16,15,14,14,16,15,17,1,2,4,0,1,0,0,0,1,0,3
264,265,0,15,14,14,16,14,14,12,14,13,13,13,15,14,14,13,16,13,13,14,13,14,16,0,2,4,1,1,1,1,1,4,1,2
265,266,0,16,11,13,18,11,12,12,12,11,12,11,11,13,11,10,13,15,15,15,13,13,12,0,2,4,1,1,1,1,1,3,1,2
266,267,0,15,15,16,17,14,13,12,14,13,12,16,16,14,15,16,16,14,14,14,13,13,16,0,2,4,1,1,1,2,1,1,1,3
267,268,0,16,10,8,16,11,11,11,12,10,6,11,14,10,11,13,14,11,11,10,8,12,8,0,1,4,1,2,2,2,2,1,2,2
268,269,0,15,17,14,17,13,12,12,12,12,13,14,15,15,14,12,15,15,16,16,12,14,13,0,2,4,1,1,1,1,1,1,1,3
269,270,0,15,17,17,20,16,16,16,16,17,17,17,18,17,16,16,18,17,15,18,17,14,19,0,1,4,1,1,0,0,0,1,0,3
270,271,0,16,13,14,19,13,12,12,12,12,13,14,12,14,12,13,15,13,11,14,10,12,15,0,1,4,1,2,1,1,1,4,1,2
271,272,0,15,18,19,20,17,17,16,16,17,17,17,19,18,17,19,19,18,19,19,18,17,20,0,2,4,1,0,0,0,0,2,0,3
272,273,0,15,12,14,18,12,12,12,12,12,12,15,13,15,12,13,15,14,15,15,12,13,14,0,1,4,1,1,1,1,1,1,1,2
273,274,0,16,11,10,16,11,11,11,11,11,11,13,13,12,9,13,14,11,12,12,7,12,13,0,2,4,1,2,2,2,2,4,2,2
274,275,0,16,12,13,17,12,12,12,12,11,12,12,13,13,11,14,14,15,13,14,12,13,15,0,2,4,1,1,1,1,1,2,1,2
275,276,0,16,12,13,18,11,11,8,7,13,15,12,13,11,10,14,15,14,13,10,6,12,16,0,1,4,1,1,1,1,1,4,1,2
276,277,0,16,10,9,14,11,11,11,11,8,5,12,11,11,9,11,12,11,11,14,8,12,9,0,2,5,1,2,2,2,2,4,2,2
277,278,0,15,13,12,17,12,12,12,11,12,12,11,11,14,12,11,13,13,11,11,12,13,12,0,2,4,1,2,2,2,2,3,2,2
278,279,0,15,10,9,15,12,11,11,12,11,12,12,12,12,11,12,12,14,12,11,10,14,10,0,2,4,1,2,2,2,2,3,2,2
279,280,0,15,10,11,13,11,11,12,12,11,5,12,11,12,11,12,5,11,11,15,10,14,6,0,2,4,1,2,2,2,2,4,2,2
280,281,0,15,12,12,16,11,11,11,11,8,13,15,13,12,12,12,15,11,11,13,10,13,13,0,1,4,1,2,2,2,2,3,2,2
281,282,0,16,11,11,14,11,11,12,11,12,5,11,12,12,10,12,13,9,11,13,9,12,8,0,2,4,1,2,2,2,2,2,2,2
282,283,0,15,16,16,18,15,12,12,13,15,15,16,15,13,13,16,16,16,16,15,15,14,17,0,1,4,1,1,1,1,1,4,1,3
283,284,0,15,11,14,17,12,12,11,12,11,12,12,14,12,10,13,16,13,12,12,8,13,13,0,2,4,1,2,1,1,1,2,1,2
284,285,0,15,14,15,18,14,14,14,14,14,15,16,16,16,15,15,15,15,16,16,12,14,14,0,1,4,1,1,1,1,1,1,1,3
285,286,0,16,12,12,16,11,11,12,12,8,6,13,13,13,14,12,15,15,14,15,11,12,13,0,1,4,1,1,1,1,1,1,1,2
286,287,0,16,16,17,19,16,14,16,15,14,14,17,16,17,16,15,17,15,16,17,14,15,17,0,1,4,1,1,1,1,1,3,1,3
287,288,0,15,13,11,15,11,12,11,11,11,12,13,13,13,13,13,14,11,11,13,11,13,12,0,2,4,1,2,2,2,2,4,2,2
288,289,0,16,13,13,18,13,12,12,12,12,13,13,14,14,13,14,14,15,14,14,13,15,15,0,2,4,1,1,1,1,1,1,1,2
289,290,0,16,11,12,14,11,11,11,12,11,12,14,13,11,13,13,14,11,11,13,8,13,13,0,1,4,1,2,2,2,2,3,2,2
290,291,0,16,14,14,20,14,13,14,13,13,14,14,15,14,15,14,14,14,16,15,14,13,17,0,2,4,1,1,1,1,1,1,1,3
291,292,0,16,12,11,16,12,12,12,12,12,13,12,13,13,12,13,14,11,11,12,11,10,11,0,2,4,1,2,2,2,2,3,2,2
292,293,0,15,13,12,16,11,11,11,12,8,8,14,11,11,11,12,16,16,11,11,13,16,12,0,2,5,1,1,1,1,1,1,1,2
293,294,0,16,16,16,18,16,16,14,16,15,13,14,14,14,16,15,13,17,15,15,17,15,17,0,2,4,1,1,1,1,1,3,1,3
294,295,0,16,9,7,13,11,11,11,9,5,5,11,11,11,8,11,6,11,11,12,9,11,9,0,2,4,1,2,2,2,2,2,2,2
295,296,0,16,9,10,16,11,11,11,12,10,6,12,11,10,9,11,13,11,11,11,8,12,11,0,1,4,1,2,2,2,2,3,2,2
296,297,0,15,11,12,17,11,11,9,12,11,8,14,11,11,11,13,14,11,11,11,7,12,10,0,1,4,1,2,2,2,2,3,2,2
297,298,1,15,12,11,13,11,11,12,11,11,6,16,13,16,13,13,14,12,11,12,11,9,10,0,1,4,1,2,1,1,1,2,1,2
298,299,1,15,14,16,19,13,12,12,12,12,13,15,15,16,14,13,17,11,11,12,11,13,13,0,2,4,1,2,1,1,1,1,1,2
299,300,1,15,12,13,17,12,13,14,14,13,11,16,16,17,14,12,15,11,12,13,12,11,10,0,2,4,1,2,1,1,1,1,1,2
300,301,1,16,14,13,17,13,12,13,13,12,13,13,14,16,17,13,16,12,13,12,12,13,12,0,2,4,1,2,1,1,1,3,1,2
301,302,1,15,16,17,20,15,16,16,15,15,15,16,18,15,17,16,18,14,16,14,16,16,14,0,1,4,1,1,1,1,1,5,1,3
302,303,1,15,12,13,17,11,11,9,11,7,7,14,15,13,11,11,15,11,11,8,10,11,13,0,2,4,1,2,2,2,2,3,2,2
303,304,1,15,16,16,18,15,16,16,15,15,16,15,15,16,15,14,18,16,16,16,18,18,18,0,2,4,1,0,1,1,1,4,1,3
304,305,1,16,18,18,20,17,16,17,16,18,17,18,18,17,17,17,19,19,20,19,18,19,20,0,1,4,1,0,0,0,0,4,0,3
305,306,1,15,13,15,19,12,12,13,12,12,13,13,14,16,13,13,16,13,14,14,11,13,13,0,1,4,1,1,1,1,1,1,1,2
306,307,1,15,9,10,17,11,11,12,11,7,6,11,13,13,11,12,11,11,11,8,11,10,10,0,2,4,1,2,2,2,2,2,2,2
307,308,1,16,15,17,19,12,13,14,14,11,14,16,15,14,14,14,17,13,14,13,13,12,14,0,2,4,1,1,1,1,1,1,1,2
308,309,1,15,10,14,18,12,11,12,13,11,10,13,12,14,11,11,15,11,12,11,11,10,12,0,2,4,1,2,2,2,2,4,2,2
309,310,1,15,13,14,14,11,11,12,12,12,10,12,15,14,12,13,15,14,14,10,11,14,12,0,2,4,1,1,1,1,1,3,1,2
310,311,1,16,14,13,17,11,12,12,12,12,11,13,13,15,16,13,16,11,12,12,12,13,10,0,2,4,1,2,1,1,1,4,1,2
311,312,1,16,14,16,19,13,13,16,14,14,13,20,18,19,15,16,20,18,16,18,16,16,16,0,2,4,1,0,0,0,0,3,0,3
312,313,1,16,12,14,17,13,12,12,13,12,12,12,12,15,12,13,16,12,12,13,12,12,13,0,1,4,1,2,1,1,1,3,1,2
313,314,1,16,14,15,19,14,14,13,14,14,13,12,13,12,13,15,17,12,12,11,11,15,14,0,2,5,1,1,1,1,1,4,1,2
314,315,1,16,12,14,15,13,12,14,13,15,12,11,12,12,11,15,15,12,11,12,12,11,11,0,2,4,1,2,1,1,1,1,1,2
315,316,1,16,9,9,12,11,11,9,7,7,5,11,13,13,10,11,11,11,11,8,8,10,9,0,1,4,1,2,2,2,2,4,2,2
316,317,1,15,12,13,17,13,13,12,12,11,13,14,12,16,13,12,15,11,11,12,11,11,12,0,1,4,1,2,1,1,1,2,1,2
317,318,1,15,17,18,20,15,17,14,15,16,17,17,18,16,16,15,19,16,15,14,15,16,15,0,2,4,1,1,0,0,0,3,0,3
318,319,1,15,13,14,20,12,12,12,12,12,10,15,14,15,14,13,15,13,13,13,11,11,11,0,1,4,1,1,1,1,1,4,1,2
319,320,1,15,12,12,17,12,11,13,12,11,13,11,13,10,13,11,14,12,12,11,11,10,15,0,1,4,1,2,2,2,2,3,2,2
320,321,1,16,15,17,19,13,13,13,13,13,13,16,16,16,14,13,18,12,11,12,11,13,12,0,1,4,1,2,1,1,1,4,1,2
321,322,1,16,13,15,19,11,11,12,13,8,14,12,16,12,14,13,16,13,12,11,12,11,13,0,2,4,1,1,1,1,1,1,1,2
322,323,1,15,15,16,18,15,16,16,14,13,13,14,16,16,13,15,15,16,16,18,16,16,18,0,2,4,1,0,1,1,1,3,1,3
323,324,1,15,13,15,19,12,13,12,12,12,13,16,16,17,12,12,16,12,12,13,12,11,11,0,1,4,1,2,1,1,1,2,1,2
324,325,1,15,15,16,19,14,12,12,13,13,14,14,15,16,15,12,16,14,13,12,14,17,14,0,2,4,1,1,1,1,1,4,1,3
325,326,1,16,15,17,19,13,13,13,13,13,13,17,16,17,17,14,16,14,12,12,12,14,14,0,1,4,1,1,1,1,1,1,1,2
326,327,1,16,14,16,20,12,12,13,13,12,13,13,13,15,13,13,14,11,11,11,11,11,11,0,2,4,1,2,1,1,1,1,1,2
327,328,1,16,14,17,20,12,12,13,12,12,12,14,14,13,15,14,15,13,12,11,12,11,13,0,2,4,1,1,1,1,1,3,1,2
328,329,1,16,17,17,19,15,17,15,16,15,17,16,15,17,15,15,17,16,15,14,17,16,15,0,1,4,1,1,1,1,1,4,1,3
329,330,1,16,10,11,17,11,11,11,11,9,9,15,13,13,11,11,15,12,11,10,10,9,12,0,2,4,1,2,2,3,2,4,2,2
330,331,2,16,17,17,18,14,14,15,15,14,16,15,14,16,15,13,14,17,16,16,17,17,17,0,1,4,1,0,1,1,1,4,1,3
331,332,2,15,12,11,17,11,11,12,12,12,7,14,14,13,15,15,15,12,14,14,10,10,14,0,2,4,1,1,1,1,1,5,1,2
332,333,2,15,11,11,14,11,11,12,12,8,6,14,15,13,12,12,15,12,12,13,10,12,13,0,2,4,1,2,1,1,1,3,1,2
333,334,2,16,14,15,18,18,15,14,14,12,18,14,14,14,14,14,14,12,12,16,12,16,16,0,2,4,1,1,1,2,1,4,1,3
334,335,2,15,12,13,16,11,11,10,12,12,12,12,12,13,12,13,14,13,15,16,11,16,15,0,2,4,1,1,1,1,1,1,1,2
335,336,2,16,13,13,16,11,12,12,11,12,13,13,15,15,13,11,12,13,11,16,9,13,16,0,2,4,1,1,1,1,1,5,1,2
336,337,2,15,10,12,16,12,12,12,12,12,12,15,14,15,11,13,11,13,15,16,12,13,10,0,1,4,1,1,1,2,1,2,1,2
337,338,2,15,17,17,18,14,14,15,15,14,15,16,16,16,16,13,15,18,16,16,17,18,18,0,1,4,1,0,1,1,1,1,1,3
338,339,2,15,12,12,15,12,11,11,12,8,12,13,12,13,12,11,12,11,11,14,12,10,16,0,2,4,1,2,2,2,2,1,2,2
339,340,2,16,14,15,17,13,11,13,13,12,12,15,13,15,13,14,14,15,16,16,15,14,13,0,1,4,1,1,1,1,1,1,1,3
340,341,2,16,12,12,16,11,11,12,12,12,8,14,12,14,11,13,14,11,15,16,9,15,14,0,1,4,1,1,1,1,1,3,1,2
341,342,2,15,12,12,15,13,12,12,12,11,14,14,13,15,12,13,14,11,14,13,10,10,16,0,2,4,1,1,1,1,1,4,1,2
342,343,2,16,14,13,16,13,12,12,12,12,13,12,13,15,14,12,13,11,13,14,10,14,13,0,2,4,1,1,1,1,1,3,1,2
343,344,2,16,14,16,17,13,14,14,14,13,12,16,16,16,16,15,16,15,13,16,13,15,16,0,2,4,1,1,1,1,1,3,1,3
344,345,2,16,13,13,16,13,13,12,13,13,13,13,14,16,11,15,14,13,14,16,13,15,16,0,2,5,1,1,1,1,1,1,1,2
345,346,2,15,6,6,12,11,11,8,8,5,5,11,11,11,7,11,5,11,11,13,6,9,11,0,2,5,1,2,2,2,2,3,2,2
346,347,2,15,12,14,17,13,13,12,12,12,13,12,12,15,11,12,13,11,13,16,10,14,13,0,1,4,1,1,1,1,1,4,1,2
347,348,2,16,7,6,12,11,11,11,5,5,5,11,11,12,5,5,5,11,11,13,6,10,11,0,2,4,1,2,2,2,2,3,2,1
348,349,2,16,15,16,18,16,15,14,14,14,17,12,13,14,12,15,17,17,17,16,16,18,17,0,2,4,1,0,1,1,1,2,1,3
349,350,2,16,14,14,16,12,11,12,11,12,12,14,13,16,12,13,16,12,11,16,11,15,13,0,1,4,1,1,1,1,1,2,1,2
350,351,2,15,15,14,14,16,14,16,15,14,14,12,16,16,12,15,15,16,13,16,13,14,16,0,2,4,1,1,1,1,1,2,1,3
351,352,2,15,11,9,12,11,11,12,11,7,6,12,12,13,11,12,13,11,12,14,10,11,13,0,2,4,1,2,2,2,3,2,2,2
352,353,2,15,12,13,17,12,12,12,12,12,13,15,16,16,13,13,13,15,13,16,12,15,16,0,1,4,1,1,1,1,1,1,1,3
353,354,2,16,11,11,13,13,12,13,12,12,12,14,15,15,11,14,12,16,15,16,13,13,16,0,2,4,1,1,1,1,1,2,1,2
354,355,2,16,15,17,18,13,13,14,14,13,14,15,16,16,16,14,15,15,17,16,14,16,17,0,1,4,1,1,1,1,1,1,1,3
355,356,2,16,10,12,17,11,6,9,11,7,6,11,12,13,12,11,12,14,15,15,9,10,13,0,2,4,1,1,2,2,2,4,2,2
356,357,2,16,11,12,15,11,11,12,12,9,7,12,12,12,12,12,12,11,13,16,8,12,11,0,2,4,1,2,2,2,2,4,2,2
357,358,2,15,10,9,14,11,8,8,11,8,10,14,14,13,11,12,16,11,12,14,9,12,12,0,2,4,1,2,2,2,2,3,2,2
358,359,2,16,12,13,16,11,11,9,11,11,12,11,12,14,11,13,13,12,11,13,7,14,15,0,2,4,1,2,2,2,3,4,2,2
359,360,2,15,12,11,13,11,11,12,11,8,6,11,11,13,10,11,13,11,11,13,10,10,15,0,2,4,1,2,2,2,2,2,2,2
360,361,2,15,10,11,16,11,11,11,11,7,13,12,13,12,10,10,13,11,11,13,7,10,10,0,2,4,1,2,2,2,2,1,2,2
361,362,2,15,16,15,15,14,15,15,16,14,14,16,15,17,17,14,14,14,14,15,16,15,13,0,1,4,1,1,1,1,1,2,1,3
362,363,2,16,12,14,15,13,11,11,12,13,12,12,16,12,13,13,17,12,17,15,12,14,17,0,2,4,1,1,1,1,1,1,1,2
363,364,2,16,13,17,18,18,16,16,15,18,18,16,18,17,16,15,18,17,17,16,16,17,17,0,2,4,1,0,0,0,0,3,0,3
364,365,3,15,16,16,18,16,15,15,15,16,17,12,18,12,12,16,18,16,16,13,13,14,16,0,1,4,1,1,1,1,1,4,1,3
365,366,3,15,16,16,19,15,14,14,14,15,15,17,16,15,14,15,18,16,15,15,13,16,20,0,2,4,1,1,1,1,1,4,1,3
366,367,3,16,12,13,18,13,12,13,12,10,15,13,15,15,11,12,15,11,12,12,11,14,15,0,2,4,1,2,1,1,1,2,1,2
367,368,3,15,16,17,19,13,15,13,15,16,16,15,15,13,14,17,17,12,15,12,14,13,16,0,1,4,1,1,1,1,1,5,1,3
368,369,3,16,14,16,17,13,11,14,15,11,14,13,15,14,12,15,14,11,11,11,10,11,11,0,2,4,1,2,1,1,1,2,1,2
369,370,3,16,17,17,19,17,17,17,18,18,19,17,19,17,16,17,20,12,14,12,15,15,14,0,2,4,1,1,0,0,0,2,0,3
370,371,3,15,18,17,19,15,14,13,14,15,15,16,15,16,15,17,16,16,16,17,14,14,16,0,2,4,1,1,1,1,1,3,1,3
371,372,3,16,14,13,17,12,12,13,13,10,12,11,15,11,11,14,16,14,11,12,11,12,15,0,1,5,1,1,1,1,1,4,1,2
372,373,3,16,15,16,19,15,16,15,16,16,16,16,15,17,14,18,18,19,17,18,16,18,19,0,2,4,1,0,0,0,0,1,0,3
373,374,3,15,15,16,19,15,15,13,14,15,13,12,18,13,12,14,18,15,13,13,12,15,17,0,2,4,1,1,1,1,1,1,1,3
374,375,3,15,17,17,19,16,15,14,14,16,16,16,15,15,15,16,19,13,17,12,13,14,18,0,2,4,1,1,1,1,1,4,1,3
375,376,3,16,15,16,18,16,15,16,16,16,15,15,15,13,13,15,17,13,15,13,13,15,17,0,1,4,1,1,1,1,1,3,1,3
376,377,3,16,13,15,16,14,15,13,14,15,14,14,14,13,13,16,13,11,11,8,10,12,13,0,1,4,1,2,1,1,1,4,1,2
377,378,3,16,17,18,19,18,16,17,16,19,19,18,17,14,17,19,19,18,18,18,16,18,18,0,1,4,1,0,0,0,0,1,0,3
378,379,3,15,17,17,19,15,15,16,15,16,18,17,15,16,15,18,19,15,17,14,15,17,19,0,2,4,1,0,1,1,1,1,1,3
379,380,3,15,14,15,18,16,14,14,14,16,16,17,17,15,15,16,17,18,14,14,14,19,18,0,1,4,1,0,1,1,1,2,1,3
380,381,3,15,17,18,19,18,17,17,17,19,19,17,16,15,16,18,18,15,18,15,16,17,18,0,1,4,1,0,0,0,0,2,0,3
381,382,3,16,15,17,18,14,14,13,14,15,14,17,16,15,14,17,16,14,12,14,12,14,15,0,2,4,1,1,1,1,1,4,1,3
382,383,3,16,16,16,19,17,16,15,15,18,19,17,18,15,15,17,19,16,19,15,15,17,19,0,2,5,1,0,0,0,0,3,0,3
383,384,3,16,15,15,18,15,15,15,15,16,16,14,16,13,13,16,17,14,15,14,16,15,16,0,1,4,1,1,1,1,1,2,1,3
384,385,3,15,14,14,17,14,12,11,12,13,14,15,16,14,13,16,16,11,12,12,10,12,13,0,2,4,1,2,1,1,1,3,1,2
385,386,3,16,15,16,18,13,14,14,13,13,13,14,15,14,13,15,15,13,12,11,10,11,13,0,1,4,1,1,1,1,1,3,1,2
386,387,3,16,13,15,18,13,13,12,11,13,12,14,15,15,13,14,17,12,11,10,10,12,12,0,2,4,1,2,1,1,1,2,1,2
387,388,3,15,12,14,17,14,12,12,13,12,14,11,13,14,11,14,15,13,11,9,10,12,13,0,2,4,1,2,1,1,1,3,1,2
388,389,3,15,16,16,19,14,14,14,16,16,17,17,15,14,15,16,17,17,16,14,15,16,18,0,2,4,1,0,1,1,1,4,1,3
389,390,3,16,16,17,18,17,18,16,16,18,16,14,17,15,14,16,17,13,16,16,13,14,14,0,1,4,1,1,1,1,1,1,1,3
390,391,3,16,16,17,18,15,15,14,15,16,16,19,18,15,13,16,19,14,16,15,14,17,17,0,1,4,1,1,1,1,1,4,1,3
391,392,3,16,16,18,19,15,15,15,15,16,15,20,14,14,16,16,20,13,16,14,12,16,14,0,1,4,1,1,1,1,1,1,1,3
392,393,3,16,16,18,19,17,18,16,17,18,19,15,14,16,15,14,18,15,15,19,15,17,16,0,2,4,1,1,1,1,1,2,1,3
393,394,3,16,17,17,19,16,16,15,17,16,16,17,16,15,15,16,18,15,17,15,17,17,17,0,1,4,1,0,0,0,0,5,0,3
394,395,3,16,16,16,18,16,16,15,16,16,16,17,18,15,14,16,18,12,15,11,12,12,15,0,1,4,1,1,1,1,1,4,1,3
395,396,3,15,15,15,17,14,11,13,14,10,10,16,17,15,15,17,18,13,13,13,13,14,13,0,2,4,1,1,1,1,1,3,1,2
396,397,3,16,16,17,17,13,12,13,13,10,15,18,18,15,14,15,18,12,16,12,12,15,16,0,2,4,1,1,1,1,1,2,1,2
397,398,3,16,13,14,18,14,16,14,16,16,16,15,12,11,11,11,16,15,11,12,11,9,16,0,1,4,1,1,1,1,1,1,1,2
398,399,4,16,11,12,15,11,11,12,12,8,6,12,12,11,11,12,15,11,11,11,11,9,9,0,2,4,1,2,2,2,2,1,2,2
399,400,4,15,8,9,14,11,11,8,8,7,6,12,12,12,10,11,13,11,11,6,5,8,5,0,2,4,1,2,2,2,2,2,2,1
400,401,4,16,12,12,16,11,12,9,12,8,15,13,13,13,13,13,17,11,11,10,9,8,15,0,2,4,1,2,2,2,2,2,2,2
401,402,4,16,17,17,17,15,15,15,15,15,14,15,16,16,15,14,18,15,16,12,15,14,17,0,1,4,1,1,1,1,1,2,1,3
402,403,4,15,17,17,17,16,17,16,17,16,15,17,17,17,18,18,18,18,19,15,16,16,19,0,2,4,1,0,0,0,0,1,0,3
403,404,4,15,11,12,15,11,11,9,12,11,11,12,13,15,13,12,14,11,11,9,11,10,8,0,2,4,1,2,2,2,2,3,2,2
404,405,4,16,15,15,15,16,16,12,12,12,16,12,12,16,12,13,15,12,13,11,11,13,11,0,2,4,1,1,1,1,1,3,1,2
405,406,4,16,14,12,15,14,13,12,12,12,14,15,16,15,13,11,16,11,11,13,12,10,10,0,1,4,1,2,1,1,1,4,1,2
406,407,4,16,15,17,17,13,13,12,13,13,13,16,13,18,13,13,17,12,11,12,13,11,12,0,2,4,1,2,1,1,1,3,1,2
407,408,4,15,15,16,17,12,13,12,12,13,13,13,16,16,15,13,17,11,13,13,12,11,12,0,2,4,1,2,1,1,1,4,1,2
408,409,4,15,14,15,16,13,12,12,12,12,13,13,14,17,15,13,16,13,13,12,12,10,13,0,2,4,1,1,1,1,1,3,1,2
409,410,4,15,12,12,16,12,11,8,12,12,7,12,12,12,11,13,15,12,11,6,11,12,9,0,1,4,1,2,2,2,2,4,2,2
410,411,4,15,17,17,17,15,14,14,15,15,14,14,16,16,15,13,16,13,13,14,13,13,12,0,3,4,1,1,1,1,1,3,1,3
411,412,4,15,15,16,18,15,15,15,15,16,16,18,17,19,15,16,17,13,14,11,12,13,15,0,2,4,1,1,1,1,1,4,1,3
412,413,4,15,15,16,16,14,14,14,14,13,14,14,15,14,15,13,12,12,15,12,13,13,17,0,2,4,1,1,1,1,1,4,1,2
413,414,4,15,9,10,15,11,11,8,8,6,6,11,11,10,10,11,11,11,11,8,8,6,10,0,1,4,1,2,2,2,2,1,3,2
414,415,4,15,11,10,15,11,12,9,8,12,12,11,13,14,11,15,16,11,11,8,7,10,12,0,2,4,1,2,2,2,2,5,2,2
415,416,4,15,12,14,15,11,12,14,14,7,7,13,16,16,13,11,15,11,11,10,11,11,11,0,2,4,1,2,1,1,1,2,1,2
416,417,4,16,10,11,15,13,14,8,8,8,15,12,11,14,10,11,15,11,11,9,9,8,11,0,2,4,1,2,2,2,2,3,2,2
417,418,4,15,13,16,17,12,12,12,12,12,11,13,15,13,14,13,15,11,12,13,13,10,13,0,2,4,1,2,1,1,2,2,1,2
418,419,4,15,15,16,17,13,13,14,14,12,13,15,16,17,16,14,16,16,16,12,13,13,16,0,2,4,1,1,1,1,1,1,1,3
419,420,4,16,9,16,16,11,11,9,6,6,6,11,13,12,10,11,15,11,11,7,7,8,5,0,2,4,1,2,2,2,2,4,2,1
420,421,4,16,12,13,16,11,11,12,13,12,7,13,14,12,11,16,14,11,11,9,11,11,11,0,2,4,1,2,2,2,2,1,2,2
421,422,4,16,13,12,14,13,12,13,12,11,12,11,12,15,11,14,13,12,11,12,11,11,12,0,1,5,1,2,2,2,2,1,2,2
422,423,4,15,14,15,16,11,13,14,14,12,10,16,13,16,13,13,15,11,11,11,14,11,14,0,2,4,1,2,1,1,1,4,1,2
423,424,4,15,15,14,16,12,11,13,13,13,10,14,16,15,13,12,16,11,11,10,10,12,13,0,2,4,1,2,1,1,1,1,1,2
424,425,4,16,13,15,16,11,11,12,12,12,7,13,13,13,12,14,14,11,11,10,11,11,10,0,1,4,1,2,2,2,2,3,2,2
425,426,4,15,14,15,16,12,13,14,13,12,6,15,15,16,13,13,16,12,14,11,12,11,9,0,2,4,1,1,1,1,1,1,1,2
426,427,4,15,14,15,17,13,13,9,13,14,10,14,12,17,12,14,18,11,15,11,13,11,15,0,2,4,1,1,1,1,1,2,1,2
427,428,4,15,13,15,16,13,13,12,13,12,12,15,16,14,13,14,16,12,13,9,10,11,14,0,2,4,1,2,1,1,1,3,1,2
428,429,4,16,15,16,17,12,11,12,12,12,10,14,14,16,15,14,16,13,11,11,13,11,10,0,2,4,1,2,1,1,2,2,1,2
429,430,4,15,14,15,16,11,11,12,11,12,12,12,14,16,15,12,15,12,11,10,12,11,13,0,2,4,1,2,1,1,1,1,2,2
430,431,4,16,13,13,16,13,12,12,13,12,9,13,13,16,13,12,15,13,12,10,13,11,14,0,2,4,1,1,1,1,2,4,1,2
431,432,4,16,14,15,15,11,11,12,12,11,12,16,14,16,13,12,16,11,11,11,12,10,10,0,1,4,1,2,1,1,1,2,1,2
432,433,5,15,17,16,16,14,14,13,12,13,14,14,16,16,14,16,18,11,15,11,13,13,17,0,2,4,1,1,1,1,1,3,1,2
433,434,5,16,15,14,13,15,11,15,14,17,6,14,12,17,15,16,12,14,14,16,14,9,7,0,2,4,1,1,1,1,1,3,1,2
434,435,5,16,17,17,17,16,16,14,15,16,16,19,16,17,15,15,19,12,16,12,14,14,16,0,2,4,1,1,1,1,1,2,1,3
435,436,5,16,15,15,16,14,13,14,16,13,16,14,18,15,15,14,18,15,15,15,15,16,19,0,2,4,1,1,1,1,1,2,1,3
436,437,5,16,15,17,16,13,14,13,13,13,14,15,17,14,14,16,17,14,14,12,13,14,13,0,1,4,1,1,1,3,1,3,1,2
437,438,5,16,17,16,18,13,14,13,12,13,14,15,15,16,15,18,18,14,12,13,12,13,15,0,2,5,1,1,1,1,1,2,1,2
438,439,5,15,18,17,17,14,14,13,14,13,14,17,17,15,16,17,18,16,16,14,13,13,16,0,1,4,1,1,1,1,1,2,1,3
439,440,5,15,12,13,17,13,11,8,9,13,7,15,12,12,11,12,15,11,11,8,9,9,6,0,1,4,1,2,2,3,2,2,2,2
440,441,5,16,16,17,16,14,14,12,14,14,13,14,14,14,14,15,16,16,12,11,14,15,17,0,2,4,1,1,1,1,1,3,1,3
441,442,5,16,17,17,19,12,12,13,13,13,12,15,17,15,14,14,17,13,12,12,13,13,15,0,2,4,1,1,1,1,1,2,1,2
442,443,5,15,15,15,15,11,11,14,12,13,9,16,17,16,15,17,17,12,12,12,13,13,10,0,2,4,1,2,1,1,1,2,1,2
443,444,5,16,18,18,19,16,14,14,15,15,16,18,18,18,17,17,18,14,14,14,13,13,18,0,2,4,1,1,1,1,1,5,1,3
444,445,5,16,17,17,18,13,15,13,14,14,15,16,16,15,16,16,17,14,13,14,14,12,14,0,1,4,1,1,1,1,1,2,1,3
445,446,5,15,17,17,18,14,13,14,14,13,13,15,17,15,15,16,17,11,15,11,13,14,15,0,2,4,1,1,1,1,1,4,1,2
446,447,5,16,16,16,16,13,11,12,13,10,14,16,14,16,14,16,17,12,11,12,12,11,12,0,2,4,1,2,1,1,1,4,1,2
447,448,5,16,18,18,18,15,16,15,16,17,16,18,17,16,18,17,18,15,14,14,14,15,15,0,1,4,1,1,1,1,1,2,1,3
448,449,5,15,17,16,16,16,14,14,15,15,16,16,16,14,15,15,17,13,13,12,12,13,13,0,2,4,1,1,1,1,1,2,1,3
449,450,5,16,16,18,16,16,15,14,16,15,14,17,16,15,15,16,17,14,15,14,14,15,14,0,1,4,1,1,1,1,1,4,2,3
450,451,5,16,10,12,14,11,11,9,7,8,6,16,15,12,10,9,16,11,11,8,6,11,9,0,2,4,1,2,2,2,2,4,2,2
451,452,5,15,14,14,17,13,12,9,13,11,7,15,18,15,13,13,18,12,11,10,12,12,10,0,1,4,1,2,1,1,1,3,1,2
452,453,5,15,16,18,18,14,13,14,13,13,14,17,18,15,14,14,18,14,12,13,13,12,14,0,1,4,1,1,1,1,1,4,1,2
453,454,5,15,17,16,15,12,13,13,12,13,14,15,16,15,16,15,18,16,15,13,14,14,17,0,2,4,1,1,1,1,1,4,1,3
454,455,5,15,17,18,18,16,15,13,15,17,16,17,15,15,16,17,17,15,13,13,13,14,15,0,1,4,1,1,1,1,1,4,1,3
455,456,5,15,16,17,18,14,14,13,14,14,14,17,15,14,13,18,18,14,15,8,13,12,15,0,1,4,1,1,1,1,1,3,1,2
456,457,5,15,18,18,18,14,15,14,16,16,18,14,19,14,16,17,19,14,17,12,12,17,16,0,1,4,1,1,1,1,1,3,1,3
457,458,5,15,18,18,18,17,17,16,16,19,18,18,18,15,15,17,18,17,15,11,14,17,18,0,2,4,1,1,0,0,0,2,0,3
458,459,5,16,12,14,17,11,13,14,14,10,5,15,14,14,14,15,16,11,11,10,11,13,15,0,2,4,1,2,1,1,1,2,1,2
459,460,5,16,19,19,19,19,19,18,18,19,19,16,18,16,15,17,19,15,17,16,15,19,19,0,2,4,1,0,0,0,0,4,0,3
460,461,5,16,9,9,15,12,12,12,8,5,5,11,11,12,9,5,5,11,11,10,6,5,5,0,2,4,1,2,2,2,2,3,2,1
461,462,5,16,12,12,15,13,12,8,11,12,13,15,14,10,12,16,16,12,11,7,8,12,17,0,2,4,1,2,1,1,1,1,1,2
462,463,5,15,15,15,15,12,12,9,12,9,8,14,13,13,13,14,16,11,11,12,11,12,9,0,2,4,1,2,2,2,2,3,2,2
463,464,5,15,17,16,18,12,14,13,14,10,14,16,15,15,15,15,19,13,13,14,13,13,17,0,2,4,1,1,1,1,1,2,1,2
464,465,5,15,15,15,16,14,14,14,14,14,14,14,14,14,14,17,16,11,16,11,13,16,15,0,2,4,1,1,1,1,1,2,1,3
465,466,8,16,18,19,20,19,20,19,19,20,20,20,20,17,17,17,20,16,17,16,17,17,20,1,2,4,0,0,0,0,0,3,0,3
466,467,8,16,20,19,20,20,20,19,19,20,20,19,20,19,19,20,20,19,18,18,19,20,20,1,1,4,0,0,0,1,0,3,1,3
467,468,8,16,15,17,20,20,16,19,18,16,20,16,20,20,18,16,20,15,15,18,15,14,17,1,2,4,0,1,0,0,0,2,0,3
468,469,8,16,17,18,20,18,19,19,18,20,20,18,19,19,19,18,20,17,17,17,17,16,18,1,1,4,0,0,0,1,0,2,0,3
469,470,8,16,12,17,18,15,19,17,16,15,19,17,16,15,14,16,20,15,12,12,11,13,15,1,1,4,0,1,1,1,1,2,1,3
470,471,8,15,16,19,20,19,19,19,18,19,20,18,19,19,17,17,20,16,13,15,16,10,20,1,1,4,0,1,0,0,0,2,0,3
471,472,8,16,16,19,20,20,18,18,18,18,20,18,16,16,15,16,20,14,13,13,16,16,18,1,2,4,0,1,0,0,0,1,0,3
472,473,8,16,13,18,20,15,15,16,16,15,19,18,15,16,15,14,20,16,14,12,13,13,16,1,2,4,0,1,1,1,1,4,1,3
473,474,8,16,15,16,18,19,18,19,19,18,18,17,18,20,18,17,20,15,13,15,13,11,12,1,2,4,0,1,0,0,0,3,0,3
474,475,8,15,18,19,20,20,19,19,18,20,20,20,17,20,18,17,20,14,14,15,13,12,18,1,1,4,0,1,0,0,0,2,0,3
475,476,8,16,12,16,20,18,17,17,17,17,19,16,14,14,15,17,20,13,11,13,10,11,14,1,2,4,0,2,1,1,1,3,1,3
476,477,8,16,17,18,20,18,18,18,18,18,20,16,19,16,17,16,20,15,16,15,18,17,20,1,2,4,0,0,0,0,0,3,0,3
477,478,8,15,18,19,20,20,20,20,20,20,20,20,19,19,19,19,20,20,19,19,20,19,20,1,2,5,0,0,0,0,0,3,0,3
478,479,8,16,14,18,18,16,17,18,18,14,18,16,19,16,15,15,20,15,13,15,14,11,13,1,2,4,0,1,1,1,1,4,1,3
479,480,8,15,17,19,20,19,20,19,18,19,20,20,18,18,18,18,20,18,19,17,15,17,20,1,2,4,0,0,0,0,0,1,0,3
480,481,8,16,19,19,20,18,19,19,18,16,20,19,19,16,17,17,20,19,19,16,17,19,20,1,2,4,0,0,0,1,0,5,0,3
481,482,8,16,19,19,20,20,17,19,18,17,20,18,20,17,17,17,20,19,16,15,18,19,20,1,2,4,0,0,0,1,0,1,0,3
482,483,8,16,17,19,20,19,19,18,17,19,20,16,20,16,16,16,20,14,16,14,16,16,19,1,2,4,0,1,0,0,0,1,1,3
483,484,8,16,15,18,20,17,18,17,18,17,18,15,16,16,16,15,20,18,15,14,16,14,18,1,2,4,0,0,0,1,0,2,0,3
484,485,8,15,18,19,20,18,18,18,20,20,20,17,19,17,16,18,20,17,20,17,17,18,20,1,2,4,0,0,0,0,0,1,0,3
485,486,9,15,17,18,20,17,20,17,16,19,20,16,15,15,15,17,16,15,15,14,18,15,16,1,2,4,0,1,0,0,0,3,1,3
486,487,9,15,14,17,20,18,18,18,18,19,20,14,16,16,15,15,14,15,17,14,17,17,14,1,2,4,0,1,0,0,0,4,0,3
487,488,0,16,15,16,20,15,16,16,15,15,16,11,11,12,13,14,2,15,14,14,15,16,15,0,1,5,1,1,1,1,1,4,1,3
488,489,0,17,12,15,20,14,14,14,13,14,13,12,11,12,11,9,2,14,13,13,15,15,14,0,1,5,1,1,1,1,1,1,1,2
489,490,0,16,12,13,18,15,16,16,13,15,13,15,11,15,10,10,4,12,11,15,10,10,4,0,2,5,1,2,1,1,1,1,1,2
490,491,0,16,18,17,18,14,15,17,14,16,15,11,13,14,14,12,5,17,14,14,17,17,17,0,1,5,1,1,1,1,1,1,1,3
491,492,0,16,15,14,19,16,15,17,15,16,14,11,12,12,13,12,5,12,15,14,15,14,12,0,1,5,1,1,1,1,1,1,1,2
492,493,0,16,9,10,17,12,11,10,11,12,13,11,11,7,8,9,4,12,11,10,9,11,12,0,2,5,1,2,2,2,2,2,2,2
493,494,0,17,9,11,15,11,11,9,10,10,11,11,11,7,7,9,2,12,12,11,9,11,10,0,2,5,1,2,2,2,2,3,2,2
494,495,0,17,14,14,19,17,16,14,14,17,16,11,10,12,12,11,4,15,14,13,14,16,16,0,2,5,1,1,1,1,1,4,1,3
495,496,0,17,9,10,17,11,11,9,11,12,11,11,11,7,8,9,2,11,12,10,8,15,10,0,2,5,1,2,2,2,2,1,2,2
496,497,0,17,14,15,20,15,13,16,15,13,13,11,11,15,14,15,5,14,13,12,14,17,18,0,1,5,1,1,1,1,1,1,1,3
497,498,0,16,9,13,18,12,12,12,10,12,12,11,11,9,7,6,2,11,11,11,11,8,11,0,2,5,1,2,2,2,2,2,2,2
498,499,0,16,15,17,20,14,14,17,14,14,16,11,12,13,14,15,5,16,14,14,16,16,16,0,1,5,1,1,1,1,1,3,1,3
499,500,0,17,13,16,20,13,14,14,13,14,13,11,12,11,12,11,3,14,15,13,15,16,12,0,1,5,1,1,1,1,1,3,1,2
500,501,0,17,12,12,17,14,12,12,13,14,12,11,11,8,9,9,4,14,12,11,14,11,14,0,2,5,1,1,2,2,2,3,2,2
501,502,0,16,12,12,16,12,12,9,11,12,14,13,11,8,13,12,4,13,11,11,9,14,13,0,1,5,1,2,2,2,2,3,2,2
502,503,0,17,11,11,18,11,11,10,13,12,12,11,11,9,9,10,5,14,13,11,12,14,11,0,2,5,1,1,2,2,2,4,2,2
503,504,0,16,13,13,20,15,14,15,15,14,14,11,11,13,12,11,3,14,16,12,16,16,15,0,2,5,1,1,1,1,1,4,1,3
504,505,0,16,13,12,18,13,14,11,13,13,14,11,12,7,11,11,4,11,12,13,12,8,12,0,2,5,1,2,2,2,2,5,2,2
505,506,0,17,12,13,19,14,12,13,12,14,15,11,11,7,11,11,4,14,11,11,14,15,14,0,2,5,1,1,1,1,1,1,1,2
506,507,0,16,16,17,19,15,18,17,15,17,18,16,13,16,15,15,5,17,18,18,18,18,16,0,1,5,1,0,1,1,1,2,1,3
507,508,0,16,12,11,17,15,15,11,15,12,14,12,12,8,11,13,4,16,13,11,9,8,17,0,2,5,1,1,1,1,1,3,1,2
508,509,0,16,12,12,16,14,15,15,12,12,13,11,12,9,9,7,5,12,13,11,10,11,13,0,2,5,1,4,1,1,1,4,1,2
509,510,0,17,14,13,18,16,15,17,15,16,15,11,11,16,14,13,4,15,18,13,18,16,14,0,1,5,1,1,1,1,1,1,1,3
510,511,0,17,12,12,16,13,13,9,13,14,15,11,12,7,10,12,5,14,12,14,13,9,13,0,1,5,1,1,1,1,1,4,1,2
511,512,0,16,11,12,16,12,11,11,12,14,14,11,11,9,10,9,4,11,13,11,12,8,14,0,2,5,1,2,2,2,2,3,2,2
512,513,0,16,10,13,18,14,13,13,11,13,14,11,11,10,8,11,3,11,12,10,11,14,12,0,1,5,1,2,2,2,2,4,2,2
513,514,0,17,12,12,16,14,13,14,13,14,13,11,12,11,10,7,4,11,12,14,13,9,12,0,2,5,1,2,2,2,2,1,2,2
514,515,0,16,12,14,19,11,11,14,12,9,3,16,17,18,14,14,12,18,17,18,14,14,12,0,1,5,1,0,1,1,1,1,1,3
515,516,0,17,13,14,20,12,14,15,12,15,15,11,11,14,12,13,4,15,17,14,16,15,17,0,2,5,1,1,1,1,1,1,1,2
516,517,1,17,15,18,19,17,18,17,18,19,17,11,11,16,14,15,6,14,19,13,16,19,17,0,2,5,1,1,1,1,1,2,1,3
517,518,1,17,16,17,18,19,20,17,18,20,18,11,12,15,16,17,6,18,17,16,18,18,18,0,1,5,1,0,0,0,0,2,0,3
518,519,1,17,19,19,19,19,18,18,19,20,20,11,16,15,17,18,7,19,20,18,19,20,19,0,2,5,1,0,0,0,0,2,0,3
519,520,1,17,19,19,20,17,20,17,18,20,20,15,12,16,16,17,7,17,19,17,17,19,18,0,2,5,1,0,0,0,0,4,0,3
520,521,1,16,18,17,19,17,17,17,19,20,20,16,12,17,17,18,9,18,18,18,18,17,20,0,1,5,1,0,0,0,0,2,0,3
521,522,1,16,18,18,19,20,19,17,18,20,20,12,12,16,18,18,7,18,19,18,18,18,19,0,1,5,1,0,0,0,0,4,0,3
522,523,1,16,19,19,20,12,11,17,19,19,7,19,17,17,19,19,7,20,20,20,19,20,20,0,2,5,1,0,0,0,0,1,0,3
523,524,1,16,16,18,20,18,16,16,17,19,19,11,11,15,15,16,6,18,14,14,16,20,17,0,2,5,1,1,1,1,1,3,1,3
524,525,1,16,18,18,19,20,19,18,19,20,20,11,11,15,16,15,5,16,19,16,18,19,19,0,2,5,1,0,0,0,0,2,0,3
525,526,1,16,19,19,19,19,19,19,19,20,20,11,16,19,19,20,9,19,20,20,19,20,20,0,2,5,1,0,0,0,0,2,0,3
526,527,1,17,18,19,19,18,16,16,17,19,20,11,14,17,15,17,6,18,18,17,18,20,20,0,2,5,1,0,0,0,0,3,0,3
527,528,1,16,19,18,19,18,18,18,19,20,20,16,20,18,18,20,8,18,18,18,19,20,20,0,2,5,1,0,0,0,0,3,0,3
528,529,1,17,19,18,19,17,20,17,19,20,20,19,18,16,18,19,8,20,19,19,19,20,20,0,1,5,1,0,0,0,0,1,0,3
529,530,1,17,18,17,19,18,19,18,19,20,20,12,18,18,17,19,7,20,20,19,19,20,20,0,2,5,1,0,0,0,0,4,0,3
530,531,1,16,15,15,19,17,18,16,18,17,17,14,15,15,16,15,4,14,16,14,17,17,16,0,2,5,1,1,1,1,1,1,1,3
531,532,1,16,17,17,18,20,18,17,18,20,20,14,11,13,18,18,5,19,19,17,18,20,20,0,2,5,1,0,0,0,0,4,0,3
532,533,1,17,17,17,19,17,19,17,19,20,19,15,16,15,16,16,5,17,17,15,17,18,18,0,1,5,1,0,0,0,0,2,0,3
533,534,1,17,15,16,19,19,18,17,18,20,19,16,16,15,16,15,5,16,17,17,15,18,17,0,2,5,1,1,0,0,0,1,0,3
534,535,1,17,19,18,19,20,17,17,18,20,20,11,11,15,17,17,7,17,19,17,17,18,20,0,2,5,1,0,0,0,0,2,0,3
535,536,1,17,19,18,19,19,18,18,19,20,20,15,11,16,17,18,7,20,18,19,18,19,20,0,1,5,1,0,0,0,0,4,0,3
536,537,1,16,19,18,19,20,17,17,19,20,19,18,12,16,17,18,4,18,18,18,19,18,17,0,2,5,1,0,0,0,0,2,0,3
537,538,1,16,19,18,19,19,17,17,18,20,20,11,11,16,17,18,7,18,19,18,18,19,19,0,2,5,1,0,0,0,0,3,0,3
538,539,1,17,19,17,19,20,20,17,17,20,20,17,13,16,17,18,6,19,19,19,18,20,20,0,1,5,1,0,0,0,0,4,0,3
539,540,1,16,19,17,19,17,17,17,19,20,20,16,11,19,18,18,6,17,17,17,19,17,19,0,2,5,1,0,0,0,0,3,0,3
540,541,1,17,16,16,19,20,15,15,17,20,17,11,11,14,14,15,6,15,15,16,16,15,16,0,1,5,1,1,1,1,1,2,1,3
541,542,1,17,18,18,20,19,19,17,17,19,18,11,11,16,16,17,5,19,19,19,18,18,18,0,1,5,1,0,0,0,0,1,0,3
542,543,1,17,19,18,19,18,20,17,19,20,20,11,11,16,17,19,7,17,19,17,18,20,19,0,1,5,1,0,0,0,0,3,0,3
543,544,1,16,20,20,20,18,19,18,19,20,20,12,15,16,18,19,7,20,20,20,19,20,20,0,2,5,1,0,0,0,0,2,0,3
544,545,2,17,12,14,16,12,13,12,14,14,10,11,11,10,13,13,2,15,18,11,18,16,12,0,1,5,1,1,1,1,1,2,1,2
545,546,2,16,12,14,16,11,13,13,11,11,12,11,12,12,11,10,3,13,12,13,12,12,12,0,2,5,1,2,2,2,2,3,2,2
546,547,2,16,10,10,11,11,12,10,10,10,12,11,11,8,8,6,2,11,11,11,9,10,12,0,2,5,1,2,2,2,2,1,2,2
547,548,2,16,12,16,17,12,11,12,11,11,12,11,11,12,9,10,4,14,13,12,14,15,13,0,2,5,1,1,2,2,2,3,2,2
548,549,2,16,14,15,18,12,12,14,13,13,12,11,11,13,12,16,3,15,17,11,17,16,14,0,2,5,1,1,1,1,1,1,1,2
549,550,2,16,15,17,19,17,17,16,17,18,16,11,11,17,12,15,5,18,18,15,17,16,18,0,1,5,1,0,1,1,1,3,1,3
550,551,2,17,13,14,17,11,14,10,14,14,11,12,11,12,13,15,4,12,12,12,12,15,12,0,2,5,1,2,2,2,2,1,2,2
551,552,2,16,16,17,19,18,16,15,15,16,18,11,11,15,12,15,5,17,19,15,19,19,19,0,2,5,1,0,1,1,1,2,1,3
552,553,2,17,12,16,18,13,13,12,13,11,14,12,12,12,10,13,3,12,12,11,12,10,14,0,2,5,1,2,2,2,2,2,2,2
553,554,2,17,14,17,19,12,15,14,13,10,15,14,11,14,12,12,5,16,13,14,16,13,14,0,2,5,1,1,1,1,1,1,1,2
554,555,2,17,13,16,19,15,14,15,15,15,14,12,11,10,11,12,5,15,14,14,14,15,14,0,1,5,1,1,1,1,1,4,1,3
555,556,2,17,14,16,18,15,13,15,13,14,14,11,11,14,13,14,6,16,14,15,15,16,14,0,2,5,1,1,1,1,1,4,1,3
556,557,2,16,14,15,18,13,11,15,14,11,14,12,11,12,11,12,5,13,13,13,14,15,14,0,1,5,1,1,1,1,1,1,1,2
557,558,2,17,12,13,14,13,14,12,12,17,15,11,11,10,11,12,3,11,12,11,13,12,13,0,2,5,1,2,2,2,2,4,2,2
558,559,2,17,16,18,20,15,17,17,17,16,15,12,12,11,11,13,3,15,18,14,18,18,16,0,1,5,1,0,1,1,1,1,1,3
559,560,2,17,12,15,19,14,13,13,13,13,14,11,11,10,9,11,6,15,12,12,14,15,13,0,1,5,1,1,1,1,1,1,1,2
560,561,2,16,13,18,20,16,15,16,15,17,17,11,12,14,14,14,5,15,18,14,17,19,16,0,2,5,1,0,1,1,1,2,1,3
561,562,2,16,12,14,17,12,12,13,13,12,13,12,12,11,12,11,5,12,12,12,12,10,13,0,1,5,1,2,2,2,2,4,2,2
562,563,2,17,12,15,16,14,14,13,12,13,14,11,11,10,9,11,3,16,12,11,15,17,15,0,2,5,1,1,1,1,1,3,1,2
563,564,2,16,12,13,16,14,14,9,12,13,14,11,11,8,11,13,4,17,13,12,13,12,17,0,2,5,1,1,1,1,1,1,1,2
564,565,2,17,15,17,19,16,18,16,14,18,17,11,11,15,12,13,4,17,19,17,17,19,17,0,1,5,1,0,1,1,1,1,1,3
565,566,2,17,7,9,10,11,11,11,10,9,9,11,11,8,6,5,2,11,11,11,10,10,11,0,1,5,1,2,2,2,2,1,2,2
566,567,2,16,9,13,16,12,11,12,12,12,11,11,12,10,10,8,3,12,11,12,12,10,13,0,1,5,1,2,2,2,2,1,2,2
567,568,2,17,7,12,13,11,11,11,11,11,11,11,11,7,7,6,2,12,12,9,10,10,11,0,2,5,1,2,2,2,2,3,2,2
568,569,2,16,17,16,19,16,17,14,16,17,17,11,11,16,16,17,7,16,18,15,16,18,18,0,2,5,1,0,1,1,1,3,1,3
569,570,2,17,17,18,20,16,17,17,17,17,16,16,12,16,16,16,6,16,19,16,19,19,18,0,1,5,1,0,0,0,0,4,0,3
570,571,2,17,14,15,18,15,15,15,16,16,15,12,12,13,10,11,5,15,17,16,17,12,16,0,1,5,1,1,1,1,1,2,1,3
571,572,2,17,13,15,17,13,12,13,12,14,14,11,11,10,12,14,4,11,14,10,12,14,4,0,2,5,1,2,2,2,2,3,2,2
572,573,2,16,16,18,18,16,16,15,16,15,15,15,16,16,15,16,2,16,18,13,17,18,16,0,2,5,1,0,1,1,1,4,1,3
573,574,3,16,16,17,18,13,13,13,15,13,15,11,15,15,14,16,5,14,19,14,19,18,16,0,2,5,1,0,1,1,1,1,1,2
574,575,3,17,7,8,12,11,11,9,8,8,11,11,11,8,6,5,2,11,12,10,10,10,10,0,1,5,1,2,2,2,2,3,2,2
575,576,3,16,13,16,17,13,13,14,15,13,12,15,12,17,12,16,3,14,16,14,16,16,16,0,1,5,1,1,1,1,1,4,1,2
576,577,3,16,11,13,15,16,13,13,13,17,13,11,11,9,7,8,2,13,13,14,13,11,13,0,2,5,1,1,1,1,1,3,1,2
577,578,3,16,13,16,18,13,15,11,12,15,15,11,11,12,12,14,4,18,12,12,15,18,14,0,2,5,1,1,1,1,1,2,1,2
578,579,3,16,10,14,17,11,13,13,12,11,11,11,11,10,8,9,3,12,13,11,11,15,12,0,1,5,1,2,2,2,2,3,2,2
579,580,3,17,13,13,16,15,14,14,16,15,14,11,11,9,11,11,4,16,18,13,18,16,14,0,1,5,1,1,1,1,1,3,1,3
580,581,3,17,15,16,19,15,14,16,15,16,14,11,13,15,13,14,4,17,17,15,18,16,17,0,1,5,1,0,1,1,1,2,1,3
581,582,3,17,15,17,20,15,14,13,15,16,15,11,11,13,12,13,4,16,16,14,18,18,16,0,1,5,1,1,1,1,1,1,1,3
582,583,3,17,14,14,16,13,13,13,16,14,14,11,11,13,12,10,5,15,13,13,15,15,14,0,1,5,1,1,1,1,1,2,1,2
583,584,3,16,10,13,14,11,11,9,10,12,10,11,11,9,6,9,2,11,12,10,11,10,12,0,2,5,1,2,2,2,2,4,2,2
584,585,3,17,11,16,17,11,11,13,10,14,13,11,11,7,7,6,2,11,12,11,11,10,12,0,2,5,1,2,2,2,2,3,2,2
585,586,3,17,15,16,17,17,16,15,17,16,15,11,11,14,13,14,4,16,15,14,16,16,16,0,1,5,1,1,1,1,1,2,1,3
586,587,3,16,11,13,16,15,14,13,11,15,11,11,12,12,11,11,3,11,12,11,14,10,10,0,1,5,1,2,2,2,2,4,2,2
587,588,3,16,13,15,18,16,16,13,12,16,12,11,11,13,9,12,2,13,12,13,12,17,14,0,2,5,1,1,1,1,1,1,1,2
588,589,3,17,13,14,17,15,16,15,14,17,15,12,11,14,8,13,3,13,15,13,14,16,17,0,2,5,1,1,1,1,1,4,1,3
589,590,3,16,12,13,15,13,13,14,11,14,11,11,15,16,10,12,2,13,16,14,13,16,14,0,2,5,1,1,1,1,1,1,1,2
590,591,3,16,13,14,17,13,13,15,15,13,14,12,12,12,12,12,5,15,16,13,15,15,16,0,2,5,1,1,1,1,1,3,1,2
591,592,3,17,13,14,17,13,13,12,14,14,13,12,11,12,12,12,5,16,16,13,17,16,16,0,2,5,1,1,1,1,1,3,1,2
592,593,3,17,12,14,15,11,13,11,12,12,13,11,11,11,10,9,4,15,12,10,13,13,15,0,1,5,1,1,2,2,2,2,2,2
593,594,3,17,15,15,17,17,17,15,16,17,13,12,11,13,12,13,4,18,17,14,18,17,15,0,1,5,1,0,1,1,1,1,1,3
594,595,3,16,15,15,18,17,16,17,17,17,16,11,11,19,13,14,4,18,18,15,18,17,16,0,2,5,1,0,1,1,1,1,1,3
595,596,3,16,14,14,16,14,14,15,16,15,13,12,14,14,10,10,5,12,14,14,18,12,13,0,1,5,1,1,1,1,1,1,1,2
596,597,3,16,14,15,16,17,16,16,15,17,16,12,11,13,13,13,3,13,15,13,15,15,16,0,2,5,1,1,1,1,1,2,1,3
597,598,3,17,14,16,18,17,16,15,15,18,16,15,14,15,14,15,5,14,17,14,18,17,17,0,1,5,1,1,1,1,1,3,1,3
598,599,3,16,12,13,16,12,16,11,16,15,13,11,12,9,11,11,5,14,13,13,14,13,14,0,1,5,1,1,1,1,1,3,1,2
599,600,3,16,15,18,19,17,15,14,14,17,18,11,11,18,13,15,3,16,16,14,19,18,16,0,2,5,1,1,1,1,1,3,1,3
600,601,3,17,14,17,19,14,16,14,14,16,16,16,16,15,11,16,5,15,15,14,15,18,16,0,2,5,1,1,1,1,1,1,1,3
601,602,3,17,15,16,18,17,17,17,17,17,16,19,15,19,12,16,7,17,15,15,16,17,17,0,1,5,1,1,0,0,0,3,0,3
602,603,4,16,15,16,19,13,12,12,13,16,16,11,11,15,10,15,4,18,15,18,15,17,16,0,2,5,1,0,1,1,1,4,1,2
603,604,4,16,13,14,19,14,13,14,13,15,15,13,11,9,9,13,5,15,14,11,15,14,14,0,2,5,1,1,1,1,1,1,1,2
604,605,4,16,12,13,15,11,12,11,13,16,11,11,12,10,12,10,2,11,11,13,11,11,12,0,2,5,1,2,2,2,2,2,2,2
605,606,4,17,10,11,12,13,13,13,9,12,11,11,11,8,5,9,4,11,11,9,9,10,11,0,2,5,1,2,2,2,2,3,2,2
606,607,4,16,13,15,17,13,13,14,13,15,14,12,11,11,11,13,4,14,14,15,14,16,15,0,1,5,1,1,1,1,1,3,1,2
607,608,4,16,16,17,20,16,14,15,14,17,16,15,11,15,12,15,2,19,17,16,18,19,19,0,1,5,1,0,1,1,1,3,1,3
608,609,4,17,14,16,20,16,16,15,14,14,16,11,13,12,12,13,3,17,15,14,16,15,17,0,1,5,1,1,1,1,1,2,1,3
609,610,4,16,12,13,18,13,17,13,13,17,16,13,11,10,11,13,6,13,12,15,14,11,12,0,2,5,1,1,1,1,1,3,1,2
610,611,4,17,9,12,15,11,11,7,9,11,11,11,11,8,8,6,2,14,13,11,12,15,13,0,2,5,1,1,2,2,2,4,2,2
611,612,4,16,13,15,19,15,15,14,16,15,14,11,11,13,12,14,3,15,17,14,15,17,15,0,1,5,1,1,1,1,1,2,1,3
612,613,4,17,12,14,19,14,14,10,14,13,12,11,11,10,11,11,4,11,11,14,13,10,12,0,1,5,1,2,2,2,2,5,2,2
613,614,4,16,12,15,19,15,14,13,15,14,13,11,13,15,12,11,4,14,13,13,15,15,14,0,1,5,1,1,1,1,1,1,1,3
614,615,4,17,13,15,19,14,15,15,13,15,13,14,11,14,11,14,2,16,16,16,16,16,16,0,2,5,1,1,1,1,1,1,1,3
615,616,4,16,12,14,19,14,15,12,15,17,13,11,12,11,11,12,4,13,13,16,15,15,13,0,1,5,1,1,1,1,1,5,1,3
616,617,4,17,14,15,19,15,14,14,15,14,14,11,12,11,11,11,5,16,16,16,16,16,16,0,2,5,1,1,1,1,1,1,1,3
617,618,4,16,12,14,20,14,14,12,14,12,13,11,11,9,9,10,3,14,15,15,13,15,12,0,1,5,1,1,1,1,1,1,1,2
618,619,4,16,13,14,20,14,13,11,13,15,15,11,12,11,12,14,4,14,13,12,14,11,14,0,2,5,1,1,1,1,1,3,1,2
619,620,4,17,12,13,19,14,15,14,15,12,13,11,11,10,12,13,4,14,13,14,14,13,13,0,1,5,1,1,1,1,1,4,1,2
620,621,4,16,12,12,17,15,16,15,14,18,13,11,11,11,13,8,3,13,16,18,12,12,14,0,2,5,1,1,1,1,1,2,1,3
621,622,4,16,14,17,20,14,13,14,13,14,14,12,11,11,11,12,4,16,13,13,17,16,16,0,1,5,1,1,1,1,1,2,1,2
622,623,4,16,13,16,20,15,14,15,15,14,14,13,11,11,13,13,4,14,15,16,15,16,14,0,1,5,1,1,1,1,1,3,1,3
623,624,4,16,14,15,20,13,15,15,16,17,13,11,12,14,11,13,4,14,13,16,15,16,13,0,2,5,1,1,1,1,1,2,1,3
624,625,4,16,15,17,20,16,16,16,14,16,15,11,12,13,13,13,4,14,15,15,13,16,15,0,1,5,1,1,1,1,1,4,1,3
625,626,4,16,13,15,19,11,14,11,15,15,13,11,11,13,11,12,4,13,14,15,13,15,13,0,2,5,1,1,1,1,1,4,1,2
626,627,4,17,16,18,20,15,16,15,16,17,17,11,11,14,13,13,3,17,19,16,19,18,19,0,1,5,1,0,1,1,1,5,1,3
627,628,4,16,11,15,18,11,11,10,11,12,11,11,11,8,7,5,4,11,11,10,11,12,11,0,2,5,1,2,2,2,2,1,2,2
628,629,4,17,11,13,17,11,12,14,10,11,11,11,11,11,11,10,3,14,14,12,14,14,11,0,2,5,1,1,2,2,2,4,2,2
629,630,5,16,13,13,14,15,12,10,15,15,15,12,11,7,9,12,5,13,12,10,10,10,13,0,2,5,1,2,2,2,2,2,2,2
630,631,5,16,19,20,17,20,20,15,18,19,20,12,12,14,16,18,8,19,18,16,18,20,20,0,2,5,1,0,0,0,0,1,0,3
631,632,5,16,17,16,17,16,19,16,17,19,18,13,11,15,14,17,6,18,17,16,16,18,18,0,2,5,1,0,1,1,1,2,1,3
632,633,5,16,16,15,17,16,20,16,18,20,17,14,13,12,12,16,8,18,18,15,18,16,17,0,2,5,1,0,0,0,0,3,0,3
633,634,5,17,14,17,17,17,16,16,17,17,18,11,11,13,13,12,4,17,16,16,17,16,16,0,2,5,1,1,1,1,1,1,1,3
634,635,5,16,14,14,16,14,16,14,15,16,16,11,11,12,13,12,6,16,17,11,17,16,14,0,2,5,1,1,1,1,1,1,1,3
635,636,5,16,14,16,17,17,17,16,16,17,16,12,12,13,13,13,5,17,15,15,17,16,15,0,2,5,1,1,1,1,1,2,1,3
636,637,5,17,19,18,18,16,20,16,17,20,20,12,16,17,15,18,7,17,20,17,19,18,20,0,2,5,1,0,0,0,0,2,0,3
637,638,5,17,19,19,18,15,20,15,18,20,20,13,15,16,16,19,8,12,11,16,16,19,8,0,2,5,1,2,1,1,1,4,1,3
638,639,5,16,18,18,17,17,18,16,18,20,20,11,11,15,14,17,7,16,20,16,19,20,20,0,2,5,1,0,1,1,1,1,1,3
639,640,5,16,18,18,17,20,20,17,18,20,20,12,11,13,15,14,6,19,16,15,18,17,19,0,2,5,1,0,0,0,0,3,0,3
640,641,5,16,16,17,18,16,17,16,18,20,19,12,12,14,14,17,6,16,16,16,17,16,18,0,1,5,1,1,1,1,1,3,1,3
641,642,5,17,11,13,14,13,12,13,10,15,13,11,12,9,7,11,2,13,12,10,10,11,13,0,2,5,1,2,2,2,2,1,2,2
642,643,5,16,13,10,14,12,11,10,9,13,13,11,11,8,8,8,5,12,12,12,11,12,12,0,2,5,1,2,2,2,2,1,2,2
643,644,5,16,13,13,16,11,12,11,14,12,11,12,12,10,9,12,5,13,12,12,14,10,12,0,1,5,1,2,2,2,2,3,2,2
644,645,5,16,16,17,17,15,16,15,18,17,17,2,13,10,13,13,4,16,17,14,16,17,16,0,2,5,1,1,1,1,1,2,1,3
645,646,5,17,17,16,15,20,19,13,18,20,19,11,11,11,14,16,6,19,17,16,18,18,19,0,2,5,1,0,1,1,1,2,1,3
646,647,5,16,17,18,18,19,19,17,19,20,20,12,11,14,16,17,7,20,20,17,19,20,20,0,2,5,1,0,0,0,0,3,0,3
647,648,5,17,17,16,16,18,20,17,18,20,19,12,13,12,14,17,4,18,18,17,19,20,19,0,2,5,1,0,0,0,0,5,0,3
648,649,5,17,17,16,17,18,16,16,18,20,18,11,18,15,17,20,4,19,19,18,19,18,17,0,2,5,1,0,0,0,0,3,0,3
649,650,5,17,14,16,16,16,16,16,16,17,17,15,12,11,15,16,6,15,16,15,16,17,17,0,2,5,1,1,1,1,1,2,1,3
650,651,5,16,13,17,18,17,16,15,17,18,16,12,11,10,13,12,4,15,15,13,15,16,17,0,2,5,1,1,1,1,1,2,1,3
651,652,5,17,17,17,18,18,19,16,17,18,20,16,11,16,12,16,7,17,18,15,17,18,19,0,2,5,1,0,0,0,0,3,0,3
652,653,5,17,13,15,16,16,15,16,15,17,13,13,11,12,10,13,6,13,13,13,13,14,14,0,2,5,1,1,1,1,1,2,1,2
653,654,5,16,16,17,18,17,16,16,18,20,19,12,12,15,13,16,6,17,17,16,17,17,17,0,1,5,1,0,1,1,1,3,1,3
654,655,5,16,17,17,17,20,18,15,17,20,19,13,13,12,14,16,6,16,16,16,18,17,16,0,2,5,1,1,1,1,1,1,1,3
655,656,5,16,18,18,17,19,17,17,18,19,20,11,14,12,15,17,7,14,20,14,19,20,19,0,2,5,1,0,0,0,0,1,0,3
656,657,6,16,14,14,19,15,15,17,17,16,12,11,11,12,13,10,5,14,14,15,13,15,12,0,1,5,1,1,1,1,1,1,1,2
657,658,6,16,16,15,18,17,19,16,19,19,17,15,11,14,17,15,6,19,18,19,17,19,18,0,2,5,1,0,0,0,0,1,0,3
658,659,6,17,12,14,19,14,18,14,17,18,12,11,11,14,9,11,6,12,12,12,11,13,13,0,2,5,1,2,1,1,1,2,1,2
659,660,6,16,14,15,19,14,15,14,14,16,15,11,12,13,12,11,6,13,12,13,11,13,14,0,1,5,1,1,1,1,1,5,1,2
660,661,6,17,17,17,20,16,16,17,19,18,16,12,13,14,12,15,5,14,17,18,17,19,13,0,1,5,1,1,1,1,1,1,1,3
661,662,6,16,12,14,19,16,13,14,15,16,12,11,11,14,14,14,3,15,14,13,15,12,13,0,2,5,1,1,1,1,1,4,1,2
662,663,6,16,14,17,20,15,15,14,15,17,13,11,12,11,11,11,3,17,16,13,13,17,12,0,2,5,1,1,1,1,1,2,1,3
663,664,6,17,16,16,19,17,18,17,18,19,18,12,13,14,14,15,7,18,18,16,17,19,19,0,2,5,1,0,0,0,0,2,0,3
664,665,6,17,15,16,20,16,17,15,17,18,15,13,12,14,12,13,4,15,16,14,13,15,16,0,2,5,1,1,1,1,1,2,1,3
665,666,6,16,15,18,20,17,16,16,16,18,17,11,11,17,16,15,4,17,18,16,18,16,16,0,2,5,1,0,1,1,1,1,1,3
666,667,6,17,17,18,20,16,18,16,19,18,16,11,11,17,12,15,5,17,18,18,17,17,18,0,1,5,1,0,1,1,1,3,1,3
667,668,6,17,14,15,19,17,18,16,17,18,17,12,11,12,12,14,4,13,15,13,15,15,14,0,1,5,1,1,1,1,1,5,1,3
668,669,6,16,13,15,19,16,17,14,15,17,17,11,11,12,14,13,5,13,12,11,15,15,15,0,2,5,1,1,1,1,1,5,1,2
669,670,6,17,9,9,17,13,12,11,13,13,12,11,11,7,10,11,2,12,15,10,10,15,11,0,2,5,1,1,2,2,2,1,2,2
670,671,6,16,14,15,19,16,15,15,16,17,13,12,12,15,14,15,5,18,16,15,18,17,17,0,2,5,1,0,1,1,1,2,1,3
671,672,6,17,14,17,18,18,18,15,17,19,15,11,12,12,12,14,4,16,16,16,14,15,13,0,2,5,1,1,1,1,1,2,1,3
672,673,6,17,15,17,19,19,17,18,18,19,17,15,11,17,15,16,5,16,16,17,16,16,17,0,2,5,1,1,1,1,1,1,1,3
673,674,6,16,16,17,20,19,17,17,18,19,18,13,12,12,12,13,5,15,16,17,15,17,15,0,1,5,1,1,1,1,1,4,1,3
674,675,6,16,15,15,19,18,17,16,16,17,18,11,13,11,11,15,3,16,15,15,16,16,15,0,1,5,1,1,1,1,1,2,1,3
675,676,6,16,13,15,19,14,14,13,14,14,15,12,11,12,12,13,4,14,13,13,13,15,15,0,1,5,1,1,1,1,1,1,1,2
676,677,6,17,16,18,20,17,16,16,18,18,18,11,11,15,14,15,6,18,18,18,18,18,18,0,1,5,1,0,1,1,1,5,1,3
677,678,6,17,14,16,20,15,14,15,14,17,14,11,11,11,11,14,5,17,15,12,14,13,17,0,2,5,1,1,1,1,1,1,1,3
678,679,6,17,12,15,18,11,12,10,15,14,13,11,11,9,10,12,3,13,15,13,16,14,17,0,2,5,1,1,1,1,1,4,1,2
679,680,6,17,14,16,19,16,17,16,17,17,16,11,14,14,14,13,4,14,14,14,15,17,16,0,2,5,1,1,1,1,1,2,1,3
680,681,6,16,16,16,19,19,16,16,17,19,17,16,11,13,12,16,5,18,17,16,15,19,17,0,1,5,1,0,1,1,1,2,1,3
681,682,6,16,13,14,19,16,15,15,15,16,15,13,11,13,14,15,5,14,14,14,13,14,16,0,1,5,1,1,1,1,1,2,1,3
682,683,6,17,16,16,19,14,18,14,17,18,18,11,11,12,16,14,4,17,15,14,19,19,17,0,2,5,1,1,1,1,1,1,1,3
683,684,6,17,13,12,17,11,15,11,13,16,16,11,11,11,11,11,4,12,12,13,12,11,12,0,2,5,1,2,2,2,2,4,2,2
684,685,7,17,12,13,17,16,15,12,14,16,15,11,11,9,11,13,6,12,16,11,15,10,17,0,2,5,1,1,1,1,1,5,1,2
685,686,7,16,15,15,20,15,15,14,13,15,13,11,11,13,12,13,3,15,16,14,15,17,16,0,1,5,1,1,1,1,1,4,1,3
686,687,7,16,12,13,16,12,15,15,12,13,12,12,11,11,9,10,4,13,13,13,10,14,14,0,1,5,1,1,1,1,1,4,1,2
687,688,7,16,14,15,20,13,13,13,13,14,13,11,11,14,12,12,4,15,16,14,18,16,16,0,1,5,1,1,1,1,1,1,1,2
688,689,7,17,14,14,16,14,16,16,16,17,14,11,11,10,8,11,7,15,15,12,12,9,15,0,2,5,1,1,1,1,1,3,1,2
689,690,7,16,14,13,15,14,15,16,15,16,13,11,12,10,9,11,4,12,12,13,15,10,14,0,2,5,1,2,1,1,1,4,1,2
690,691,7,17,9,11,16,11,12,11,12,9,9,11,11,8,7,5,2,12,11,9,8,10,13,0,1,5,1,2,2,2,2,4,2,2
691,692,7,17,16,16,20,18,15,16,17,18,15,14,12,17,12,15,5,16,18,16,18,15,16,0,2,5,1,0,1,1,1,2,1,3
692,693,7,17,15,17,20,17,16,16,17,17,15,11,14,14,14,13,4,15,15,13,13,15,15,0,2,5,1,1,1,1,1,4,1,3
693,694,7,16,14,15,17,13,13,15,16,14,13,11,11,12,10,10,5,13,13,11,15,14,15,0,1,5,1,1,1,1,1,2,1,2
694,695,7,17,16,16,20,12,12,16,15,14,12,11,11,10,7,6,3,14,15,14,14,14,15,0,1,5,1,1,1,1,1,2,1,2
695,696,7,16,13,13,16,15,18,16,15,18,15,11,11,13,8,11,6,12,12,13,10,10,13,0,2,5,1,2,1,1,1,2,1,2
696,697,7,17,14,14,18,11,14,15,14,13,11,11,13,14,10,13,5,14,12,13,15,13,12,0,2,5,1,1,1,1,1,5,1,2
697,698,7,17,15,15,17,17,15,16,16,17,15,11,11,12,11,12,4,18,18,13,18,15,17,0,2,5,1,0,1,1,1,2,1,3
698,699,7,16,13,16,17,15,15,15,16,15,14,12,11,10,10,9,5,14,15,12,16,14,16,0,1,5,1,1,1,1,1,3,1,3
699,700,7,16,13,14,20,12,12,13,13,13,12,11,11,12,10,9,3,14,11,10,14,11,12,0,2,5,1,2,2,2,2,1,2,2
700,701,7,16,14,16,19,17,14,16,16,18,14,14,15,15,15,17,14,11,15,15,12,12,6,0,2,5,1,2,1,1,1,3,1,3
701,702,7,17,15,15,20,16,16,15,16,16,15,11,12,15,11,14,5,14,18,14,18,17,18,0,2,5,1,1,1,1,1,4,1,3
702,703,7,17,13,14,17,17,15,13,14,17,16,11,11,10,9,11,5,12,12,13,9,10,13,0,2,5,1,2,1,1,1,1,1,2
703,704,7,17,11,13,18,12,11,12,13,12,10,11,11,11,8,7,3,12,12,11,12,11,12,0,2,5,1,2,2,2,2,2,2,2
704,705,7,16,15,16,20,15,16,16,16,15,13,14,12,11,13,14,4,15,16,13,17,16,15,0,1,5,1,1,1,1,1,2,1,3
705,706,7,17,15,16,19,13,13,15,15,14,13,11,12,14,13,12,5,13,15,12,14,15,15,0,1,5,1,1,1,1,1,3,1,2
706,707,7,17,16,14,18,18,18,16,18,18,16,11,11,11,13,13,6,16,14,12,17,14,14,0,2,5,1,1,1,1,1,4,1,3
707,708,7,16,15,16,18,17,16,16,14,17,15,11,13,12,10,13,7,15,13,14,15,13,15,0,2,5,1,1,1,1,1,2,1,3
708,709,7,16,16,16,19,15,13,15,14,17,13,14,11,11,14,12,6,14,16,14,15,16,14,0,2,5,1,1,1,1,1,3,1,3
709,710,7,17,16,14,15,15,15,17,14,18,15,11,11,9,7,9,5,11,14,14,13,10,14,0,2,5,1,1,1,1,1,1,1,2
710,711,7,17,15,17,20,16,16,16,16,17,15,11,14,16,13,16,5,18,17,17,18,18,17,0,1,5,1,0,1,1,1,3,1,3
